source,target,shared_len_m,rook
0,7,0.0,0
0,1,1857.854,1
0,6,1233.474,1
1,2,1460.985,1
1,8,0.0,0
1,7,2000.0,1
1,6,0.0,0
2,3,759.053,1
2,9,0.0,0
2,8,2000.0,1
2,7,0.0,0
3,9,2000.0,1
3,8,0.0,0
3,4,1774.817,1
3,10,0.0,0
4,9,0.0,0
4,5,632.448,1
4,10,2000.0,1
4,11,0.0,0
5,10,0.0,0
5,11,2000.0,1
5,12,0.0,0
6,7,2000.0,1
6,14,0.0,0
6,13,1982.604,1
7,8,2000.0,1
7,15,0.0,0
7,14,2000.0,1
7,13,0.0,0
8,9,2000.0,1
8,15,2000.0,1
8,16,0.0,0
8,14,0.0,0
9,15,0.0,0
9,16,2000.0,1
9,10,2000.0,1
9,17,0.0,0
10,16,0.0,0
10,11,2000.0,1
10,17,2000.0,1
10,18,0.0,0
11,17,0.0,0
11,18,2000.0,1
11,12,2000.0,1
11,19,0.0,0
12,18,0.0,0
12,19,1492.629,1
13,14,2000.0,1
13,22,0.0,0
13,21,2000.0,1
13,20,0.0,0
14,15,2000.0,1
14,22,2000.0,1
14,21,0.0,0
14,23,0.0,0
15,16,2000.0,1
15,22,0.0,0
15,24,0.0,0
15,23,2000.0,1
16,24,2000.0,1
16,23,0.0,0
16,17,2000.0,1
16,25,0.0,0
17,24,0.0,0
17,18,2000.0,1
17,26,0.0,0
17,25,2000.0,1
18,26,2000.0,1
18,25,0.0,0
18,19,2000.0,1
18,27,0.0,0
19,26,0.0,0
19,27,2000.0,1
20,21,2000.0,1
20,29,0.0,0
20,28,1426.566,1
21,22,2000.0,1
21,29,2000.0,1
21,28,0.0,0
21,30,0.0,0
22,29,0.0,0
22,23,2000.0,1
22,30,2000.0,1
22,31,0.0,0
23,24,2000.0,1
23,30,0.0,0
23,32,0.0,0
23,31,2000.0,1
24,32,2000.0,1
24,31,0.0,0
24,25,2000.0,1
24,33,0.0,0
25,32,0.0,0
25,26,2000.0,1
25,33,2000.0,1
25,34,0.0,0
26,33,0.0,0
26,34,2000.0,1
26,27,2000.0,1
26,35,0.0,0
27,34,0.0,0
27,36,0.0,0
27,35,2000.0,1
28,29,2000.0,1
28,38,1438.303,1
28,39,0.0,0
29,38,0.0,0
29,39,2000.0,1
29,30,2000.0,1
29,40,0.0,0
30,39,0.0,0
30,31,2000.0,1
30,41,0.0,0
30,40,2000.0,1
31,32,2000.0,1
31,41,2000.0,1
31,40,0.0,0
31,42,0.0,0
32,41,0.0,0
32,33,2000.0,1
32,42,2000.0,1
32,43,0.0,0
33,34,2000.0,1
33,42,0.0,0
33,44,0.0,0
33,43,2000.0,1
34,35,2000.0,1
34,45,0.0,0
34,44,2000.0,1
34,43,0.0,0
35,36,2000.0,1
35,45,2000.0,1
35,46,0.0,0
35,44,0.0,0
36,45,0.0,0
36,46,939.55,1
37,38,1531.005,1
37,49,1164.145,1
37,50,0.0,0
38,39,2000.0,1
38,49,0.0,0
38,51,0.0,0
38,50,2000.0,1
39,40,2000.0,1
39,52,0.0,0
39,51,2000.0,1
39,50,0.0,0
40,41,2000.0,1
40,52,2000.0,1
40,53,0.0,0
40,51,0.0,0
41,52,0.0,0
41,53,2000.0,1
41,42,2000.0,1
41,54,0.0,0
42,53,0.0,0
42,43,2000.0,1
42,54,2000.0,1
42,55,0.0,0
43,44,2000.0,1
43,56,0.0,0
43,54,0.0,0
43,55,2000.0,1
44,45,2000.0,1
44,57,0.0,0
44,56,2000.0,1
44,55,0.0,0
45,46,2000.0,1
45,57,2000.0,1
45,56,0.0,0
45,58,0.0,0
46,47,884.437,1
46,57,0.0,0
46,59,0.0,0
46,58,2000.0,1
47,59,1232.11,1
47,48,184.876,1
47,60,0.0,0
47,58,0.0,0
48,59,0.0,0
48,60,1864.965,1
49,50,2000.0,1
49,65,2000.0,1
49,66,0.0,0
49,64,0.0,0
50,51,2000.0,1
50,67,0.0,0
50,65,0.0,0
50,66,2000.0,1
51,52,2000.0,1
51,68,0.0,0
51,67,2000.0,1
51,66,0.0,0
52,53,2000.0,1
52,68,2000.0,1
52,69,0.0,0
52,67,0.0,0
53,68,0.0,0
53,69,2000.0,1
53,54,2000.0,1
53,70,0.0,0
54,69,0.0,0
54,55,2000.0,1
54,70,2000.0,1
54,71,0.0,0
55,56,2000.0,1
55,70,0.0,0
55,72,0.0,0
55,71,2000.0,1
56,57,2000.0,1
56,72,2000.0,1
56,71,0.0,0
56,73,0.0,0
57,72,0.0,0
57,58,2000.0,1
57,73,2000.0,1
57,74,0.0,0
58,59,2000.0,1
58,75,0.0,0
58,73,0.0,0
58,74,2000.0,1
59,60,2000.0,1
59,75,2000.0,1
59,76,0.0,0
59,74,0.0,0
60,61,1772.423,1
60,75,0.0,0
60,77,0.0,0
60,76,2000.0,1
61,77,2000.0,1
61,76,0.0,0
61,62,1419.307,1
61,78,0.0,0
62,77,0.0,0
62,63,959.944,1
62,79,0.0,0
62,78,2000.0,1
63,79,2000.0,1
63,78,0.0,0
63,80,0.0,0
64,65,2000.0,1
64,84,0.0,0
64,83,1069.506,1
65,66,2000.0,1
65,85,0.0,0
65,84,2000.0,1
65,83,0.0,0
66,67,2000.0,1
66,85,2000.0,1
66,86,0.0,0
66,84,0.0,0
67,68,2000.0,1
67,85,0.0,0
67,86,2000.0,1
67,87,0.0,0
68,69,2000.0,1
68,86,0.0,0
68,87,2000.0,1
68,88,0.0,0
69,87,0.0,0
69,88,2000.0,1
69,70,2000.0,1
69,89,0.0,0
70,88,0.0,0
70,71,2000.0,1
70,89,2000.0,1
70,90,0.0,0
71,72,2000.0,1
71,89,0.0,0
71,91,0.0,0
71,90,2000.0,1
72,73,2000.0,1
72,92,0.0,0
72,91,2000.0,1
72,90,0.0,0
73,74,2000.0,1
73,92,2000.0,1
73,93,0.0,0
73,91,0.0,0
74,75,2000.0,1
74,94,0.0,0
74,92,0.0,0
74,93,2000.0,1
75,76,2000.0,1
75,95,0.0,0
75,94,2000.0,1
75,93,0.0,0
76,77,2000.0,1
76,95,2000.0,1
76,94,0.0,0
76,96,0.0,0
77,95,0.0,0
77,96,2000.0,1
77,78,2000.0,1
77,97,0.0,0
78,96,0.0,0
78,79,2000.0,1
78,98,0.0,0
78,97,2000.0,1
79,80,2000.0,1
79,98,2000.0,1
79,97,0.0,0
79,99,0.0,0
80,81,261.711,1
80,98,0.0,0
80,100,0.0,0
80,99,2000.0,1
81,100,2000.0,1
81,99,0.0,0
81,101,0.0,0
82,83,1327.474,1
82,103,0.0,0
82,102,1000.656,1
83,84,2000.0,1
83,103,2000.0,1
83,102,0.0,0
83,104,0.0,0
84,85,2000.0,1
84,103,0.0,0
84,104,2000.0,1
84,105,0.0,0
85,86,2000.0,1
85,104,0.0,0
85,105,2000.0,1
85,106,0.0,0
86,87,2000.0,1
86,105,0.0,0
86,106,2000.0,1
86,107,0.0,0
87,106,0.0,0
87,88,2000.0,1
87,108,0.0,0
87,107,2000.0,1
88,108,2000.0,1
88,107,0.0,0
88,109,0.0,0
88,89,2000.0,1
89,108,0.0,0
89,109,2000.0,1
89,90,2000.0,1
89,110,0.0,0
90,109,0.0,0
90,91,2000.0,1
90,110,2000.0,1
90,111,0.0,0
91,92,2000.0,1
91,112,0.0,0
91,110,0.0,0
91,111,2000.0,1
92,93,2000.0,1
92,112,2000.0,1
92,113,0.0,0
92,111,0.0,0
93,94,2000.0,1
93,112,0.0,0
93,113,2000.0,1
93,114,0.0,0
94,95,2000.0,1
94,115,0.0,0
94,113,0.0,0
94,114,2000.0,1
95,96,2000.0,1
95,115,2000.0,1
95,116,0.0,0
95,114,0.0,0
96,115,0.0,0
96,116,2000.0,1
96,97,2000.0,1
96,117,0.0,0
97,116,0.0,0
97,98,2000.0,1
97,118,0.0,0
97,117,2000.0,1
98,99,2000.0,1
98,118,2000.0,1
98,117,0.0,0
98,119,0.0,0
99,100,2000.0,1
99,120,0.0,0
99,118,0.0,0
99,119,2000.0,1
100,101,2000.0,1
100,120,2000.0,1
100,121,0.0,0
100,119,0.0,0
101,120,0.0,0
101,121,614.072,1
102,103,2000.0,1
102,125,2000.0,1
102,126,0.0,0
102,124,0.0,0
103,125,0.0,0
103,126,2000.0,1
103,104,2000.0,1
103,127,0.0,0
104,126,0.0,0
104,105,2000.0,1
104,127,2000.0,1
104,128,0.0,0
105,106,2000.0,1
105,127,0.0,0
105,128,2000.0,1
105,129,0.0,0
106,128,0.0,0
106,129,2000.0,1
106,107,2000.0,1
106,130,0.0,0
107,129,0.0,0
107,108,2000.0,1
107,130,2000.0,1
107,131,0.0,0
108,109,2000.0,1
108,130,0.0,0
108,131,2000.0,1
108,132,0.0,0
109,131,0.0,0
109,132,2000.0,1
109,110,2000.0,1
109,133,0.0,0
110,132,0.0,0
110,111,2000.0,1
110,134,0.0,0
110,133,2000.0,1
111,112,2000.0,1
111,135,0.0,0
111,134,2000.0,1
111,133,0.0,0
112,113,2000.0,1
112,135,2000.0,1
112,136,0.0,0
112,134,0.0,0
113,135,0.0,0
113,136,2000.0,1
113,137,0.0,0
113,114,2000.0,1
114,115,2000.0,1
114,136,0.0,0
114,137,2000.0,1
114,138,0.0,0
115,137,0.0,0
115,116,2000.0,1
115,138,2000.0,1
115,139,0.0,0
116,138,0.0,0
116,139,2000.0,1
116,117,2000.0,1
116,140,0.0,0
117,139,0.0,0
117,118,2000.0,1
117,140,2000.0,1
117,141,0.0,0
118,119,2000.0,1
118,140,0.0,0
118,141,2000.0,1
118,142,0.0,0
119,120,2000.0,1
119,143,0.0,0
119,141,0.0,0
119,142,2000.0,1
120,121,2000.0,1
120,144,0.0,0
120,143,2000.0,1
120,142,0.0,0
121,122,1040.568,1
121,145,0.0,0
121,144,2000.0,1
121,143,0.0,0
122,123,673.651,1
122,145,2000.0,1
122,146,0.0,0
122,144,0.0,0
123,145,0.0,0
123,146,2000.0,1
123,147,0.0,0
124,125,2000.0,1
124,149,1006.509,1
124,150,0.0,0
125,126,2000.0,1
125,151,0.0,0
125,149,0.0,0
125,150,2000.0,1
126,152,0.0,0
126,151,2000.0,1
126,127,2000.0,1
126,150,0.0,0
127,152,2000.0,1
127,151,0.0,0
127,128,2000.0,1
127,153,0.0,0
128,152,0.0,0
128,129,2000.0,1
128,154,0.0,0
128,153,2000.0,1
129,154,2000.0,1
129,153,0.0,0
129,155,0.0,0
129,130,2000.0,1
130,154,0.0,0
130,155,2000.0,1
130,131,2000.0,1
130,156,0.0,0
131,155,0.0,0
131,132,2000.0,1
131,156,2000.0,1
131,157,0.0,0
132,156,0.0,0
132,157,2000.0,1
132,133,2000.0,1
132,158,0.0,0
133,157,0.0,0
133,134,2000.0,1
133,158,2000.0,1
133,159,0.0,0
134,135,2000.0,1
134,158,0.0,0
134,159,2000.0,1
134,160,0.0,0
135,136,2000.0,1
135,159,0.0,0
135,160,2000.0,1
135,161,0.0,0
136,137,2000.0,1
136,162,0.0,0
136,160,0.0,0
136,161,2000.0,1
137,138,2000.0,1
137,162,2000.0,1
137,163,0.0,0
137,161,0.0,0
138,139,2000.0,1
138,162,0.0,0
138,163,2000.0,1
138,164,0.0,0
139,163,0.0,0
139,164,2000.0,1
139,140,2000.0,1
139,165,0.0,0
140,164,0.0,0
140,141,2000.0,1
140,165,2000.0,1
140,166,0.0,0
141,142,2000.0,1
141,165,0.0,0
141,166,2000.0,1
141,167,0.0,0
142,143,2000.0,1
142,166,0.0,0
142,167,2000.0,1
142,168,0.0,0
143,144,2000.0,1
143,167,0.0,0
143,169,0.0,0
143,168,2000.0,1
144,145,2000.0,1
144,169,2000.0,1
144,170,0.0,0
144,168,0.0,0
145,146,2000.0,1
145,169,0.0,0
145,170,2000.0,1
145,171,0.0,0
146,147,2000.0,1
146,172,0.0,0
146,170,0.0,0
146,171,2000.0,1
147,148,1526.975,1
147,173,0.0,0
147,172,2000.0,1
147,171,0.0,0
148,173,2000.0,1
148,172,0.0,0
148,174,0.0,0
149,150,2000.0,1
149,177,2000.0,1
149,176,0.0,0
149,178,0.0,0
150,151,2000.0,1
150,177,0.0,0
150,179,0.0,0
150,178,2000.0,1
151,152,2000.0,1
151,180,0.0,0
151,179,2000.0,1
151,178,0.0,0
152,153,2000.0,1
152,180,2000.0,1
152,179,0.0,0
152,181,0.0,0
153,154,2000.0,1
153,180,0.0,0
153,182,0.0,0
153,181,2000.0,1
154,155,2000.0,1
154,183,0.0,0
154,182,2000.0,1
154,181,0.0,0
155,156,2000.0,1
155,183,2000.0,1
155,182,0.0,0
155,184,0.0,0
156,157,2000.0,1
156,183,0.0,0
156,184,2000.0,1
156,185,0.0,0
157,158,2000.0,1
157,186,0.0,0
157,184,0.0,0
157,185,2000.0,1
158,159,2000.0,1
158,186,2000.0,1
158,187,0.0,0
158,185,0.0,0
159,186,0.0,0
159,187,2000.0,1
159,160,2000.0,1
159,188,0.0,0
160,187,0.0,0
160,161,2000.0,1
160,189,0.0,0
160,188,2000.0,1
161,162,2000.0,1
161,190,0.0,0
161,189,2000.0,1
161,188,0.0,0
162,163,2000.0,1
162,190,2000.0,1
162,191,0.0,0
162,189,0.0,0
163,164,2000.0,1
163,190,0.0,0
163,191,2000.0,1
163,192,0.0,0
164,191,0.0,0
164,192,2000.0,1
164,165,2000.0,1
164,193,0.0,0
165,192,0.0,0
165,166,2000.0,1
165,193,2000.0,1
165,194,0.0,0
166,167,2000.0,1
166,193,0.0,0
166,194,2000.0,1
166,195,0.0,0
167,168,2000.0,1
167,194,0.0,0
167,196,0.0,0
167,195,2000.0,1
168,169,2000.0,1
168,197,0.0,0
168,196,2000.0,1
168,195,0.0,0
169,170,2000.0,1
169,197,2000.0,1
169,196,0.0,0
169,198,0.0,0
170,171,2000.0,1
170,197,0.0,0
170,198,2000.0,1
170,199,0.0,0
171,172,2000.0,1
171,198,0.0,0
171,199,2000.0,1
171,200,0.0,0
172,173,2000.0,1
172,199,0.0,0
172,200,2000.0,1
172,201,0.0,0
173,174,2000.0,1
173,202,0.0,0
173,200,0.0,0
173,201,2000.0,1
174,175,1055.403,1
174,202,2000.0,1
174,203,0.0,0
174,201,0.0,0
175,202,0.0,0
175,203,1159.135,1
176,177,2000.0,1
176,204,468.11,1
176,205,0.0,0
177,178,2000.0,1
177,204,0.0,0
177,206,0.0,0
177,205,2000.0,1
178,179,2000.0,1
178,206,2000.0,1
178,207,0.0,0
178,205,0.0,0
179,180,2000.0,1
179,206,0.0,0
179,207,2000.0,1
179,208,0.0,0
180,207,0.0,0
180,181,2000.0,1
180,208,2000.0,1
180,209,0.0,0
181,182,2000.0,1
181,208,0.0,0
181,209,2000.0,1
181,210,0.0,0
182,183,2000.0,1
182,209,0.0,0
182,210,2000.0,1
182,211,0.0,0
183,210,0.0,0
183,211,2000.0,1
183,184,2000.0,1
183,212,0.0,0
184,211,0.0,0
184,185,2000.0,1
184,212,2000.0,1
184,213,0.0,0
185,186,2000.0,1
185,214,0.0,0
185,212,0.0,0
185,213,2000.0,1
186,187,2000.0,1
186,215,0.0,0
186,214,2000.0,1
186,213,0.0,0
187,188,2000.0,1
187,216,0.0,0
187,215,2000.0,1
187,214,0.0,0
188,189,2000.0,1
188,217,0.0,0
188,216,2000.0,1
188,215,0.0,0
189,190,2000.0,1
189,217,2000.0,1
189,216,0.0,0
189,218,0.0,0
190,191,2000.0,1
190,217,0.0,0
190,218,2000.0,1
190,219,0.0,0
191,192,2000.0,1
191,220,0.0,0
191,218,0.0,0
191,219,2000.0,1
192,193,2000.0,1
192,220,2000.0,1
192,221,0.0,0
192,219,0.0,0
193,194,2000.0,1
193,220,0.0,0
193,222,0.0,0
193,221,2000.0,1
194,195,2000.0,1
194,222,2000.0,1
194,223,0.0,0
194,221,0.0,0
195,196,2000.0,1
195,222,0.0,0
195,223,2000.0,1
195,224,0.0,0
196,197,2000.0,1
196,223,0.0,0
196,224,2000.0,1
196,225,0.0,0
197,224,0.0,0
197,198,2000.0,1
197,225,2000.0,1
197,226,0.0,0
198,199,2000.0,1
198,225,0.0,0
198,227,0.0,0
198,226,2000.0,1
199,200,2000.0,1
199,227,2000.0,1
199,226,0.0,0
199,228,0.0,0
200,201,2000.0,1
200,227,0.0,0
200,228,2000.0,1
200,229,0.0,0
201,202,2000.0,1
201,230,0.0,0
201,228,0.0,0
201,229,2000.0,1
202,203,2000.0,1
202,230,2000.0,1
202,231,0.0,0
202,229,0.0,0
203,230,0.0,0
203,232,0.0,0
203,231,2000.0,1
204,205,2000.0,1
204,233,844.26,1
204,234,0.0,0
205,206,2000.0,1
205,233,0.0,0
205,234,2000.0,1
205,235,0.0,0
206,207,2000.0,1
206,234,0.0,0
206,236,0.0,0
206,235,2000.0,1
207,208,2000.0,1
207,237,0.0,0
207,236,2000.0,1
207,235,0.0,0
208,209,2000.0,1
208,237,2000.0,1
208,238,0.0,0
208,236,0.0,0
209,210,2000.0,1
209,239,0.0,0
209,237,0.0,0
209,238,2000.0,1
210,211,2000.0,1
210,239,2000.0,1
210,238,0.0,0
210,240,0.0,0
211,239,0.0,0
211,240,2000.0,1
211,212,2000.0,1
211,241,0.0,0
212,240,0.0,0
212,242,0.0,0
212,213,2000.0,1
212,241,2000.0,1
213,214,2000.0,1
213,242,2000.0,1
213,243,0.0,0
213,241,0.0,0
214,215,2000.0,1
214,242,0.0,0
214,244,0.0,0
214,243,2000.0,1
215,216,2000.0,1
215,245,0.0,0
215,244,2000.0,1
215,243,0.0,0
216,217,2000.0,1
216,246,0.0,0
216,245,2000.0,1
216,244,0.0,0
217,246,2000.0,1
217,245,0.0,0
217,218,2000.0,1
217,247,0.0,0
218,246,0.0,0
218,219,2000.0,1
218,247,2000.0,1
218,248,0.0,0
219,220,2000.0,1
219,247,0.0,0
219,249,0.0,0
219,248,2000.0,1
220,221,2000.0,1
220,249,2000.0,1
220,248,0.0,0
220,250,0.0,0
221,222,2000.0,1
221,249,0.0,0
221,251,0.0,0
221,250,2000.0,1
222,223,2000.0,1
222,251,2000.0,1
222,252,0.0,0
222,250,0.0,0
223,224,2000.0,1
223,253,0.0,0
223,251,0.0,0
223,252,2000.0,1
224,225,2000.0,1
224,253,2000.0,1
224,254,0.0,0
224,252,0.0,0
225,226,2000.0,1
225,253,0.0,0
225,255,0.0,0
225,254,2000.0,1
226,227,2000.0,1
226,256,0.0,0
226,255,2000.0,1
226,254,0.0,0
227,228,2000.0,1
227,256,2000.0,1
227,257,0.0,0
227,255,0.0,0
228,229,2000.0,1
228,256,0.0,0
228,257,2000.0,1
228,258,0.0,0
229,230,2000.0,1
229,259,0.0,0
229,257,0.0,0
229,258,2000.0,1
230,231,2000.0,1
230,259,2000.0,1
230,260,0.0,0
230,258,0.0,0
231,232,2000.0,1
231,259,0.0,0
231,260,2000.0,1
231,261,0.0,0
232,260,0.0,0
232,261,1174.903,1
233,234,2000.0,1
233,263,0.0,0
233,262,1220.465,1
234,235,2000.0,1
234,263,2000.0,1
234,262,0.0,0
234,264,0.0,0
235,236,2000.0,1
235,263,0.0,0
235,264,2000.0,1
235,265,0.0,0
236,237,2000.0,1
236,264,0.0,0
236,265,2000.0,1
236,266,0.0,0
237,238,2000.0,1
237,265,0.0,0
237,267,0.0,0
237,266,2000.0,1
238,239,2000.0,1
238,267,2000.0,1
238,268,0.0,0
238,266,0.0,0
239,240,2000.0,1
239,269,0.0,0
239,267,0.0,0
239,268,2000.0,1
240,241,2000.0,1
240,269,2000.0,1
240,270,0.0,0
240,268,0.0,0
241,242,2000.0,1
241,271,0.0,0
241,269,0.0,0
241,270,2000.0,1
242,243,2000.0,1
242,271,2000.0,1
242,272,0.0,0
242,270,0.0,0
243,244,2000.0,1
243,273,0.0,0
243,271,0.0,0
243,272,2000.0,1
244,245,2000.0,1
244,274,0.0,0
244,273,2000.0,1
244,272,0.0,0
245,246,2000.0,1
245,275,0.0,0
245,274,2000.0,1
245,273,0.0,0
246,275,2000.0,1
246,274,0.0,0
246,247,2000.0,1
246,276,0.0,0
247,275,0.0,0
247,248,2000.0,1
247,276,2000.0,1
247,277,0.0,0
248,249,2000.0,1
248,276,0.0,0
248,277,2000.0,1
248,278,0.0,0
249,277,0.0,0
249,278,2000.0,1
249,250,2000.0,1
249,279,0.0,0
250,278,0.0,0
250,251,2000.0,1
250,279,2000.0,1
250,280,0.0,0
251,252,2000.0,1
251,281,0.0,0
251,279,0.0,0
251,280,2000.0,1
252,253,2000.0,1
252,282,0.0,0
252,281,2000.0,1
252,280,0.0,0
253,254,2000.0,1
253,283,0.0,0
253,282,2000.0,1
253,281,0.0,0
254,255,2000.0,1
254,283,2000.0,1
254,284,0.0,0
254,282,0.0,0
255,256,2000.0,1
255,283,0.0,0
255,284,2000.0,1
255,285,0.0,0
256,257,2000.0,1
256,284,0.0,0
256,285,2000.0,1
256,286,0.0,0
257,258,2000.0,1
257,287,0.0,0
257,285,0.0,0
257,286,2000.0,1
258,259,2000.0,1
258,287,2000.0,1
258,288,0.0,0
258,286,0.0,0
259,260,2000.0,1
259,287,0.0,0
259,288,2000.0,1
259,289,0.0,0
260,261,2000.0,1
260,290,0.0,0
260,288,0.0,0
260,289,2000.0,1
261,290,951.861,1
261,289,0.0,0
262,263,2000.0,1
262,293,0.0,0
262,292,1596.88,1
263,264,2000.0,1
263,293,2000.0,1
263,292,0.0,0
263,294,0.0,0
264,265,2000.0,1
264,295,0.0,0
264,293,0.0,0
264,294,2000.0,1
265,295,2000.0,1
265,294,0.0,0
265,266,2000.0,1
265,296,0.0,0
266,295,0.0,0
266,267,2000.0,1
266,296,2000.0,1
266,297,0.0,0
267,268,2000.0,1
267,298,0.0,0
267,296,0.0,0
267,297,2000.0,1
268,269,2000.0,1
268,299,0.0,0
268,298,2000.0,1
268,297,0.0,0
269,270,2000.0,1
269,300,0.0,0
269,299,2000.0,1
269,298,0.0,0
270,271,2000.0,1
270,301,0.0,0
270,300,2000.0,1
270,299,0.0,0
271,272,2000.0,1
271,301,2000.0,1
271,302,0.0,0
271,300,0.0,0
272,273,2000.0,1
272,303,0.0,0
272,301,0.0,0
272,302,2000.0,1
273,274,2000.0,1
273,303,2000.0,1
273,302,0.0,0
273,304,0.0,0
274,275,2000.0,1
274,303,0.0,0
274,304,2000.0,1
274,305,0.0,0
275,276,2000.0,1
275,306,0.0,0
275,304,0.0,0
275,305,2000.0,1
276,277,2000.0,1
276,306,2000.0,1
276,307,0.0,0
276,305,0.0,0
277,278,2000.0,1
277,306,0.0,0
277,307,2000.0,1
277,308,0.0,0
278,307,0.0,0
278,279,2000.0,1
278,308,2000.0,1
278,309,0.0,0
279,280,2000.0,1
279,308,0.0,0
279,309,2000.0,1
279,310,0.0,0
280,281,2000.0,1
280,309,0.0,0
280,311,0.0,0
280,310,2000.0,1
281,282,2000.0,1
281,312,0.0,0
281,311,2000.0,1
281,310,0.0,0
282,283,2000.0,1
282,312,2000.0,1
282,313,0.0,0
282,311,0.0,0
283,284,2000.0,1
283,312,0.0,0
283,313,2000.0,1
283,314,0.0,0
284,285,2000.0,1
284,313,0.0,0
284,314,2000.0,1
284,315,0.0,0
285,286,2000.0,1
285,316,0.0,0
285,314,0.0,0
285,315,2000.0,1
286,287,2000.0,1
286,317,0.0,0
286,316,2000.0,1
286,315,0.0,0
287,288,2000.0,1
287,317,2000.0,1
287,316,0.0,0
287,318,0.0,0
288,289,2000.0,1
288,319,0.0,0
288,317,0.0,0
288,318,2000.0,1
289,290,1654.67,1
289,319,1523.559,1
289,318,0.0,0
291,292,1074.907,1
291,322,0.0,0
291,321,1534.436,1
292,293,2000.0,1
292,322,2000.0,1
292,323,0.0,0
292,321,0.0,0
293,294,2000.0,1
293,322,0.0,0
293,323,2000.0,1
293,324,0.0,0
294,295,2000.0,1
294,325,0.0,0
294,323,0.0,0
294,324,2000.0,1
295,325,2000.0,1
295,324,0.0,0
295,296,2000.0,1
295,326,0.0,0
296,325,0.0,0
296,297,2000.0,1
296,326,2000.0,1
296,327,0.0,0
297,298,2000.0,1
297,328,0.0,0
297,326,0.0,0
297,327,2000.0,1
298,299,2000.0,1
298,328,2000.0,1
298,327,0.0,0
298,329,0.0,0
299,300,2000.0,1
299,330,0.0,0
299,328,0.0,0
299,329,2000.0,1
300,301,2000.0,1
300,331,0.0,0
300,330,2000.0,1
300,329,0.0,0
301,302,2000.0,1
301,331,2000.0,1
301,332,0.0,0
301,330,0.0,0
302,303,2000.0,1
302,331,0.0,0
302,332,2000.0,1
302,333,0.0,0
303,332,0.0,0
303,333,2000.0,1
303,304,2000.0,1
303,334,0.0,0
304,333,0.0,0
304,305,2000.0,1
304,334,2000.0,1
304,335,0.0,0
305,306,2000.0,1
305,334,0.0,0
305,335,2000.0,1
305,336,0.0,0
306,307,2000.0,1
306,335,0.0,0
306,336,2000.0,1
306,337,0.0,0
307,308,2000.0,1
307,336,0.0,0
307,338,0.0,0
307,337,2000.0,1
308,309,2000.0,1
308,339,0.0,0
308,338,2000.0,1
308,337,0.0,0
309,310,2000.0,1
309,340,0.0,0
309,339,2000.0,1
309,338,0.0,0
310,311,2000.0,1
310,341,0.0,0
310,340,2000.0,1
310,339,0.0,0
311,312,2000.0,1
311,342,0.0,0
311,341,2000.0,1
311,340,0.0,0
312,313,2000.0,1
312,343,0.0,0
312,342,2000.0,1
312,341,0.0,0
313,314,2000.0,1
313,343,2000.0,1
313,342,0.0,0
313,344,0.0,0
314,315,2000.0,1
314,343,0.0,0
314,344,2000.0,1
315,316,1701.067,1
315,344,0.0,0
316,317,2000.0,1
316,345,0.0,0
317,318,2000.0,1
317,345,2000.0,1
318,319,968.096,1
318,345,0.0,0
320,321,811.936,1
320,348,0.0,0
320,347,1030.854,1
321,322,2000.0,1
321,348,2000.0,1
321,347,0.0,0
321,349,0.0,0
322,323,2000.0,1
322,348,0.0,0
322,349,2000.0,1
322,350,0.0,0
323,324,2000.0,1
323,351,0.0,0
323,349,0.0,0
323,350,2000.0,1
324,325,2000.0,1
324,351,2000.0,1
324,352,0.0,0
324,350,0.0,0
325,326,2000.0,1
325,351,0.0,0
325,352,2000.0,1
325,353,0.0,0
326,327,2000.0,1
326,354,0.0,0
326,352,0.0,0
326,353,2000.0,1
327,328,2000.0,1
327,354,2000.0,1
327,353,0.0,0
327,355,0.0,0
328,354,0.0,0
328,329,2000.0,1
328,355,2000.0,1
328,356,0.0,0
329,330,2000.0,1
329,357,0.0,0
329,355,0.0,0
329,356,2000.0,1
330,331,2000.0,1
330,358,0.0,0
330,357,2000.0,1
330,356,0.0,0
331,332,2000.0,1
331,358,2000.0,1
331,359,0.0,0
331,357,0.0,0
332,333,2000.0,1
332,358,0.0,0
332,359,2000.0,1
332,360,0.0,0
333,359,0.0,0
333,360,2000.0,1
333,334,2000.0,1
333,361,0.0,0
334,360,0.0,0
334,335,2000.0,1
334,362,0.0,0
334,361,2000.0,1
335,362,2000.0,1
335,361,0.0,0
335,336,2000.0,1
335,363,0.0,0
336,362,0.0,0
336,337,2000.0,1
336,363,2000.0,1
336,364,0.0,0
337,338,2000.0,1
337,363,0.0,0
337,364,2000.0,1
337,365,0.0,0
338,339,2000.0,1
338,366,0.0,0
338,364,0.0,0
338,365,2000.0,1
339,340,2000.0,1
339,366,2000.0,1
339,367,0.0,0
339,365,0.0,0
340,341,2000.0,1
340,366,0.0,0
340,367,2000.0,1
340,368,0.0,0
341,342,2000.0,1
341,367,0.0,0
341,368,2000.0,1
341,369,0.0,0
342,343,2000.0,1
342,368,0.0,0
342,369,2000.0,1
342,370,0.0,0
343,344,2000.0,1
343,371,0.0,0
343,369,0.0,0
343,370,2000.0,1
344,371,449.005,1
344,370,0.0,0
346,347,1144.291,1
346,372,0.0,0
347,348,2000.0,1
347,372,2000.0,1
347,373,0.0,0
348,349,2000.0,1
348,372,0.0,0
348,374,0.0,0
348,373,2000.0,1
349,350,2000.0,1
349,375,0.0,0
349,374,2000.0,1
349,373,0.0,0
350,351,2000.0,1
350,376,0.0,0
350,375,2000.0,1
350,374,0.0,0
351,352,2000.0,1
351,376,2000.0,1
351,375,0.0,0
351,377,0.0,0
352,376,0.0,0
352,353,2000.0,1
352,378,0.0,0
352,377,2000.0,1
353,354,2000.0,1
353,379,0.0,0
353,378,2000.0,1
353,377,0.0,0
354,355,2000.0,1
354,379,2000.0,1
354,380,0.0,0
354,378,0.0,0
355,381,0.0,0
355,356,2000.0,1
355,379,0.0,0
355,380,2000.0,1
356,357,2000.0,1
356,381,2000.0,1
356,382,0.0,0
356,380,0.0,0
357,358,2000.0,1
357,381,0.0,0
357,383,0.0,0
357,382,2000.0,1
358,359,2000.0,1
358,384,0.0,0
358,383,2000.0,1
358,382,0.0,0
359,360,2000.0,1
359,384,2000.0,1
359,385,0.0,0
359,383,0.0,0
360,384,0.0,0
360,385,2000.0,1
360,361,2000.0,1
360,386,0.0,0
361,385,0.0,0
361,362,2000.0,1
361,386,2000.0,1
361,387,0.0,0
362,386,0.0,0
362,387,2000.0,1
362,363,2000.0,1
362,388,0.0,0
363,387,0.0,0
363,364,2000.0,1
363,388,2000.0,1
363,389,0.0,0
364,390,0.0,0
364,365,2000.0,1
364,388,0.0,0
364,389,2000.0,1
365,366,2000.0,1
365,390,2000.0,1
365,389,0.0,0
365,391,0.0,0
366,367,2000.0,1
366,390,0.0,0
366,392,0.0,0
366,391,2000.0,1
367,368,2000.0,1
367,393,0.0,0
367,392,2000.0,1
367,391,0.0,0
368,393,2000.0,1
368,369,2000.0,1
368,394,0.0,0
368,392,0.0,0
369,393,0.0,0
369,370,2000.0,1
369,394,2000.0,1
369,395,0.0,0
370,371,1387.302,1
370,394,0.0,0
370,395,1149.142,1
372,373,2000.0,1
372,396,0.0,0
373,374,2000.0,1
373,396,2000.0,1
373,397,0.0,0
374,375,2000.0,1
374,396,0.0,0
374,398,0.0,0
374,397,2000.0,1
375,376,2000.0,1
375,399,0.0,0
375,398,2000.0,1
375,397,0.0,0
376,377,2000.0,1
376,399,2000.0,1
376,398,0.0,0
376,400,0.0,0
377,378,2000.0,1
377,399,0.0,0
377,400,2000.0,1
377,401,0.0,0
378,379,2000.0,1
378,402,0.0,0
378,400,0.0,0
378,401,2000.0,1
379,380,2000.0,1
379,402,2000.0,1
379,403,0.0,0
379,401,0.0,0
380,381,2000.0,1
380,404,0.0,0
380,402,0.0,0
380,403,2000.0,1
381,382,2000.0,1
381,404,2000.0,1
381,405,0.0,0
381,403,0.0,0
382,383,2000.0,1
382,404,0.0,0
382,406,0.0,0
382,405,2000.0,1
383,384,2000.0,1
383,406,2000.0,1
383,405,0.0,0
383,407,0.0,0
384,385,2000.0,1
384,408,0.0,0
384,406,0.0,0
384,407,2000.0,1
385,408,2000.0,1
385,386,2000.0,1
385,409,0.0,0
385,407,0.0,0
386,408,0.0,0
386,387,2000.0,1
386,410,0.0,0
386,409,2000.0,1
387,410,2000.0,1
387,409,0.0,0
387,388,2000.0,1
387,411,0.0,0
388,410,0.0,0
388,389,2000.0,1
388,411,2000.0,1
388,412,0.0,0
389,390,2000.0,1
389,413,0.0,0
389,411,0.0,0
389,412,2000.0,1
390,413,2000.0,1
390,391,2000.0,1
390,414,0.0,0
390,412,0.0,0
391,413,0.0,0
391,392,2000.0,1
391,414,2000.0,1
391,415,0.0,0
392,393,2000.0,1
392,414,0.0,0
392,415,2000.0,1
392,416,0.0,0
393,394,2000.0,1
393,417,0.0,0
393,415,0.0,0
393,416,2000.0,1
394,395,2000.0,1
394,417,2000.0,1
394,416,0.0,0
395,417,0.0,0
396,397,1991.997,1
397,398,2000.0,1
397,418,1990.944,1
397,419,0.0,0
398,399,2000.0,1
398,418,0.0,0
398,420,0.0,0
398,419,2000.0,1
399,400,2000.0,1
399,420,2000.0,1
399,419,0.0,0
399,421,0.0,0
400,401,2000.0,1
400,420,0.0,0
400,421,2000.0,1
400,422,0.0,0
401,402,2000.0,1
401,423,0.0,0
401,421,0.0,0
401,422,2000.0,1
402,403,2000.0,1
402,423,2000.0,1
402,424,0.0,0
402,422,0.0,0
403,404,2000.0,1
403,425,0.0,0
403,423,0.0,0
403,424,2000.0,1
404,405,2000.0,1
404,425,2000.0,1
404,426,0.0,0
404,424,0.0,0
405,406,2000.0,1
405,425,0.0,0
405,426,2000.0,1
405,427,0.0,0
406,426,0.0,0
406,427,2000.0,1
406,407,2000.0,1
406,428,0.0,0
407,408,2000.0,1
407,427,0.0,0
407,429,0.0,0
407,428,2000.0,1
408,409,2000.0,1
408,429,2000.0,1
408,428,0.0,0
408,430,0.0,0
409,410,2000.0,1
409,429,0.0,0
409,430,2000.0,1
409,431,0.0,0
410,430,0.0,0
410,431,2000.0,1
410,411,2000.0,1
410,432,0.0,0
411,431,0.0,0
411,412,2000.0,1
411,432,2000.0,1
411,433,0.0,0
412,413,2000.0,1
412,432,0.0,0
412,434,0.0,0
412,433,2000.0,1
413,414,2000.0,1
413,435,0.0,0
413,434,2000.0,1
413,433,0.0,0
414,415,2000.0,1
414,435,2000.0,1
414,436,0.0,0
414,434,0.0,0
415,416,2000.0,1
415,437,0.0,0
415,435,0.0,0
415,436,2000.0,1
416,417,789.174,1
416,437,1425.68,1
416,436,0.0,0
418,419,1759.522,1
419,420,2000.0,1
419,438,1727.892,1
419,439,0.0,0
420,421,2000.0,1
420,438,0.0,0
420,439,2000.0,1
420,440,0.0,0
421,422,2000.0,1
421,439,0.0,0
421,440,2000.0,1
421,441,0.0,0
422,423,2000.0,1
422,440,0.0,0
422,441,2000.0,1
422,442,0.0,0
423,424,2000.0,1
423,441,0.0,0
423,442,2000.0,1
423,443,0.0,0
424,425,2000.0,1
424,442,0.0,0
424,443,2000.0,1
424,444,0.0,0
425,426,2000.0,1
425,443,0.0,0
425,445,0.0,0
425,444,2000.0,1
426,427,2000.0,1
426,445,2000.0,1
426,446,0.0,0
426,444,0.0,0
427,445,0.0,0
427,446,2000.0,1
427,428,2000.0,1
427,447,0.0,0
428,446,0.0,0
428,429,2000.0,1
428,447,2000.0,1
428,448,0.0,0
429,447,0.0,0
429,448,2000.0,1
429,430,2000.0,1
429,449,0.0,0
430,448,0.0,0
430,431,2000.0,1
430,450,0.0,0
430,449,2000.0,1
431,450,2000.0,1
431,449,0.0,0
431,432,2000.0,1
431,451,0.0,0
432,450,0.0,0
432,433,2000.0,1
432,451,2000.0,1
432,452,0.0,0
433,434,2000.0,1
433,451,0.0,0
433,453,0.0,0
433,452,2000.0,1
434,435,2000.0,1
434,453,2000.0,1
434,452,0.0,0
434,454,0.0,0
435,436,2000.0,1
435,455,0.0,0
435,453,0.0,0
435,454,2000.0,1
436,437,1433.837,1
436,455,1073.381,1
436,454,0.0,0
438,439,1527.085,1
439,440,2000.0,1
439,456,1465.014,1
439,457,0.0,0
440,441,2000.0,1
440,456,0.0,0
440,457,2000.0,1
440,458,0.0,0
441,457,0.0,0
441,442,2000.0,1
441,458,2000.0,1
441,459,0.0,0
442,443,2000.0,1
442,458,0.0,0
442,460,0.0,0
442,459,2000.0,1
443,460,2000.0,1
443,459,0.0,0
443,444,2000.0,1
443,461,0.0,0
444,460,0.0,0
444,445,2000.0,1
444,461,2000.0,1
444,462,0.0,0
445,446,2000.0,1
445,461,0.0,0
445,462,2000.0,1
445,463,0.0,0
446,462,0.0,0
446,463,2000.0,1
446,447,2000.0,1
446,464,0.0,0
447,463,0.0,0
447,448,2000.0,1
447,464,2000.0,1
447,465,0.0,0
448,464,0.0,0
448,465,2000.0,1
448,449,2000.0,1
448,466,0.0,0
449,465,0.0,0
449,450,2000.0,1
449,467,0.0,0
449,466,2000.0,1
450,467,2000.0,1
450,466,0.0,0
450,451,2000.0,1
450,468,0.0,0
451,467,0.0,0
451,452,2000.0,1
451,469,0.0,0
451,468,2000.0,1
452,453,2000.0,1
452,469,2000.0,1
452,468,0.0,0
452,470,0.0,0
453,469,0.0,0
453,470,2000.0,1
453,454,2000.0,1
453,471,0.0,0
454,455,1870.555,1
454,470,0.0,0
454,471,1853.437,1
456,457,1342.834,1
457,458,2000.0,1
457,473,0.0,0
457,472,1230.393,1
458,459,2000.0,1
458,473,2000.0,1
458,474,0.0,0
458,472,0.0,0
459,460,2000.0,1
459,475,0.0,0
459,473,0.0,0
459,474,2000.0,1
460,475,2000.0,1
460,474,0.0,0
460,461,2000.0,1
460,476,0.0,0
461,475,0.0,0
461,462,2000.0,1
461,477,0.0,0
461,476,2000.0,1
462,463,2000.0,1
462,477,2000.0,1
462,478,0.0,0
462,476,0.0,0
463,477,0.0,0
463,478,2000.0,1
463,464,2000.0,1
463,479,0.0,0
464,478,0.0,0
464,465,2000.0,1
464,479,2000.0,1
464,480,0.0,0
465,479,0.0,0
465,480,2000.0,1
465,466,2000.0,1
465,481,0.0,0
466,480,0.0,0
466,467,2000.0,1
466,481,2000.0,1
466,482,0.0,0
467,481,0.0,0
467,482,2000.0,1
467,483,0.0,0
467,468,2000.0,1
468,482,0.0,0
468,483,2000.0,1
468,469,2000.0,1
468,484,0.0,0
469,483,0.0,0
469,470,2000.0,1
469,484,2000.0,1
469,485,0.0,0
470,484,0.0,0
470,471,2000.0,1
470,485,2000.0,1
470,486,0.0,0
471,485,0.0,0
471,486,1246.033,1
472,473,1050.63,1
473,474,2000.0,1
473,487,0.0,0
474,475,2000.0,1
474,487,2000.0,1
474,488,0.0,0
475,487,0.0,0
475,488,2000.0,1
475,476,2000.0,1
475,489,0.0,0
476,488,0.0,0
476,477,2000.0,1
476,489,2000.0,1
476,490,0.0,0
477,478,2000.0,1
477,489,0.0,0
477,490,2000.0,1
477,491,0.0,0
478,479,2000.0,1
478,492,0.0,0
478,490,0.0,0
478,491,2000.0,1
479,480,2000.0,1
479,492,2000.0,1
479,491,0.0,0
479,493,0.0,0
480,492,0.0,0
480,481,2000.0,1
480,494,0.0,0
480,493,2000.0,1
481,482,2000.0,1
481,494,2000.0,1
481,493,0.0,0
481,495,0.0,0
482,483,2000.0,1
482,494,0.0,0
482,495,2000.0,1
482,496,0.0,0
483,495,0.0,0
483,496,2000.0,1
483,484,2000.0,1
483,497,0.0,0
484,496,0.0,0
484,497,2000.0,1
484,498,0.0,0
484,485,2000.0,1
485,497,0.0,0
485,498,2000.0,1
485,486,2000.0,1
485,499,0.0,0
486,498,0.0,0
486,499,2000.0,1
487,488,2000.0,1
487,500,0.0,0
488,489,2000.0,1
488,501,0.0,0
488,500,2000.0,1
489,490,2000.0,1
489,502,0.0,0
489,501,2000.0,1
489,500,0.0,0
490,491,2000.0,1
490,503,0.0,0
490,502,2000.0,1
490,501,0.0,0
491,492,2000.0,1
491,503,2000.0,1
491,502,0.0,0
491,504,0.0,0
492,503,0.0,0
492,493,2000.0,1
492,504,2000.0,1
492,505,0.0,0
493,494,2000.0,1
493,506,0.0,0
493,504,0.0,0
493,505,2000.0,1
494,495,2000.0,1
494,506,2000.0,1
494,507,0.0,0
494,505,0.0,0
495,496,2000.0,1
495,506,0.0,0
495,507,2000.0,1
495,508,0.0,0
496,507,0.0,0
496,508,2000.0,1
496,497,2000.0,1
496,509,0.0,0
497,508,0.0,0
497,498,2000.0,1
497,509,2000.0,1
497,510,0.0,0
498,509,0.0,0
498,510,2000.0,1
498,499,2000.0,1
498,511,0.0,0
499,510,0.0,0
499,511,2000.0,1
500,501,2000.0,1
500,512,0.0,0
501,502,2000.0,1
501,512,2000.0,1
501,513,0.0,0
502,503,2000.0,1
502,512,0.0,0
502,513,2000.0,1
502,514,0.0,0
503,513,0.0,0
503,514,2000.0,1
503,504,2000.0,1
503,515,0.0,0
504,514,0.0,0
504,505,2000.0,1
504,515,2000.0,1
504,516,0.0,0
505,506,2000.0,1
505,517,0.0,0
505,515,0.0,0
505,516,2000.0,1
506,507,2000.0,1
506,517,2000.0,1
506,518,0.0,0
506,516,0.0,0
507,508,2000.0,1
507,517,0.0,0
507,518,2000.0,1
507,519,0.0,0
508,518,0.0,0
508,509,2000.0,1
508,519,2000.0,1
508,520,0.0,0
509,510,2000.0,1
509,519,0.0,0
509,520,2000.0,1
509,521,0.0,0
510,520,0.0,0
510,521,2000.0,1
510,511,2000.0,1
510,522,0.0,0
511,521,0.0,0
511,522,984.534,1
512,513,1937.962,1
513,514,2000.0,1
513,523,1929.98,1
513,524,0.0,0
514,523,0.0,0
514,515,2000.0,1
514,525,0.0,0
514,524,2000.0,1
515,516,2000.0,1
515,526,0.0,0
515,525,2000.0,1
515,524,0.0,0
516,517,2000.0,1
516,527,0.0,0
516,526,2000.0,1
516,525,0.0,0
517,518,2000.0,1
517,528,0.0,0
517,527,2000.0,1
517,526,0.0,0
518,528,2000.0,1
518,527,0.0,0
518,529,0.0,0
518,519,2000.0,1
519,528,0.0,0
519,529,2000.0,1
519,520,2000.0,1
519,530,0.0,0
520,529,0.0,0
520,521,2000.0,1
520,530,2000.0,1
520,531,0.0,0
521,530,0.0,0
521,522,2000.0,1
521,531,2000.0,1
522,531,0.0,0
523,524,1709.961,1
524,525,2000.0,1
524,532,1672.642,1
524,533,0.0,0
525,526,2000.0,1
525,532,0.0,0
525,534,0.0,0
525,533,2000.0,1
526,527,2000.0,1
526,534,2000.0,1
526,533,0.0,0
526,535,0.0,0
527,528,2000.0,1
527,534,0.0,0
527,536,0.0,0
527,535,2000.0,1
528,529,2000.0,1
528,536,2000.0,1
528,535,0.0,0
528,537,0.0,0
529,536,0.0,0
529,530,2000.0,1
529,538,0.0,0
529,537,2000.0,1
530,538,1296.189,1
530,531,1159.546,1
530,537,0.0,0
532,533,1481.96,1
533,534,2000.0,1
533,539,1415.304,1
533,540,0.0,0
534,539,0.0,0
534,535,2000.0,1
534,541,0.0,0
534,540,2000.0,1
535,536,2000.0,1
535,541,2000.0,1
535,542,0.0,0
535,540,0.0,0
536,541,0.0,0
536,542,2000.0,1
536,543,0.0,0
536,537,2000.0,1
537,542,0.0,0
537,543,926.546,1
537,538,308.027,1
539,540,1362.05,1
540,541,2000.0,1
540,544,1351.403,1
540,545,0.0,0
541,542,2000.0,1
541,544,0.0,0
541,545,2000.0,1
541,546,0.0,0
542,543,2000.0,1
542,545,0.0,0
542,546,2000.0,1
542,547,0.0,0
543,546,0.0,0
543,547,948.611,1
544,545,1182.148,1
545,546,2000.0,1
545,550,1065.051,1
545,551,0.0,0
546,550,0.0,0
546,547,2000.0,1
546,552,0.0,0
546,551,2000.0,1
547,548,1421.947,1
547,553,0.0,0
547,552,2000.0,1
547,551,0.0,0
548,554,0.0,0
548,549,361.044,1
548,553,2000.0,1
548,552,0.0,0
549,554,1253.463,1
549,553,0.0,0
550,551,931.66,1
551,552,2000.0,1
551,556,0.0,0
552,553,2000.0,1
552,557,0.0,0
552,556,2000.0,1
553,554,2000.0,1
553,557,2000.0,1
553,556,0.0,0
553,558,0.0,0
554,555,1099.57,1
554,557,0.0,0
554,558,2000.0,1
554,559,0.0,0
555,558,0.0,0
555,559,1066.846,1
556,557,2000.0,1
556,560,0.0,0
557,558,2000.0,1
557,561,0.0,0
557,560,2000.0,1
558,561,2000.0,1
558,559,2000.0,1
558,560,0.0,0
559,561,0.0,0
560,561,1290.158,1
