source,target,shared_len_m,queen,rook
0,1,2400.0,1,1
0,28,1785.714,1,1
0,29,0.0,1,0
1,2,2400.0,1,1
1,29,1785.714,1,1
1,30,0.0,1,0
1,28,0.0,1,0
2,3,2400.0,1,1
2,30,1785.714,1,1
2,31,0.0,1,0
2,29,0.0,1,0
3,4,2400.0,1,1
3,31,1785.714,1,1
3,32,0.0,1,0
3,30,0.0,1,0
4,5,2400.0,1,1
4,32,1785.714,1,1
4,33,0.0,1,0
4,31,0.0,1,0
5,6,4800.0,1,1
5,33,1785.714,1,1
5,34,0.0,1,1
5,32,0.0,1,0
6,7,2400.0,1,1
6,34,1785.714,1,1
6,35,0.0,1,0
6,33,0.0,1,1
7,8,2400.0,1,1
7,35,1785.714,1,1
7,36,0.0,1,0
7,34,0.0,1,0
8,9,2400.0,1,1
8,36,1785.714,1,1
8,37,0.0,1,0
8,35,0.0,1,0
9,10,2400.0,1,1
9,37,1785.714,1,1
9,38,0.0,1,0
9,36,0.0,1,0
10,11,2400.0,1,1
10,38,1785.714,1,1
10,39,0.0,1,0
10,37,0.0,1,0
11,12,4800.0,1,1
11,39,1785.714,1,1
11,40,0.0,1,1
11,38,0.0,1,0
12,13,2400.0,1,1
12,40,1785.714,1,1
12,41,0.0,1,0
12,39,0.0,1,1
13,14,2400.0,1,1
13,41,1785.714,1,1
13,42,0.0,1,0
13,40,0.0,1,0
14,15,2400.0,1,1
14,42,1785.714,1,1
14,43,0.0,1,0
14,41,0.0,1,0
15,16,2400.0,1,1
15,43,1785.714,1,1
15,44,0.0,1,0
15,42,0.0,1,0
16,17,2400.0,1,1
16,44,1785.714,1,1
16,45,0.0,1,0
16,43,0.0,1,0
17,18,2400.0,1,1
17,45,1785.714,1,1
17,46,0.0,1,0
17,44,0.0,1,0
18,19,2400.0,1,1
18,46,1785.714,1,1
18,47,0.0,1,0
18,45,0.0,1,0
19,20,0.0,1,0
19,47,1785.714,1,1
19,48,0.0,1,0
19,46,0.0,1,0
20,21,2400.0,1,1
20,48,1785.714,1,1
20,49,0.0,1,0
20,47,0.0,1,0
21,22,0.0,1,0
21,49,1785.714,1,1
21,50,0.0,1,0
21,48,0.0,1,0
22,23,2400.0,1,1
22,50,1785.714,1,1
22,51,0.0,1,0
22,49,0.0,1,0
23,24,2400.0,1,1
23,51,1785.714,1,1
23,52,0.0,1,0
23,50,0.0,1,0
24,25,0.0,1,0
24,52,1785.714,1,1
24,53,0.0,1,0
24,51,0.0,1,0
25,26,2400.0,1,1
25,53,1785.714,1,1
25,54,0.0,1,0
25,52,0.0,1,0
26,27,0.0,1,0
26,54,1785.714,1,1
26,55,0.0,1,0
26,53,0.0,1,0
27,55,1785.714,1,1
27,54,0.0,1,0
28,29,2400.0,1,1
28,56,1785.714,1,1
28,57,0.0,1,0
29,30,2400.0,1,1
29,57,1785.714,1,1
29,58,0.0,1,0
29,56,0.0,1,0
30,31,2400.0,1,1
30,58,1785.714,1,1
30,59,0.0,1,0
30,57,0.0,1,0
31,32,2400.0,1,1
31,59,1785.714,1,1
31,60,0.0,1,0
31,58,0.0,1,0
32,33,2400.0,1,1
32,60,1785.714,1,1
32,61,0.0,1,0
32,59,0.0,1,0
33,34,4800.0,1,1
33,61,1785.714,1,1
33,62,0.0,1,1
33,60,0.0,1,0
34,35,2400.0,1,1
34,62,1785.714,1,1
34,63,0.0,1,0
34,61,0.0,1,1
35,36,2400.0,1,1
35,63,1785.714,1,1
35,64,0.0,1,0
35,62,0.0,1,0
36,37,2400.0,1,1
36,64,1785.714,1,1
36,65,0.0,1,0
36,63,0.0,1,0
37,38,2400.0,1,1
37,65,1785.714,1,1
37,66,0.0,1,0
37,64,0.0,1,0
38,39,2400.0,1,1
38,66,1785.714,1,1
38,67,0.0,1,0
38,65,0.0,1,0
39,40,4800.0,1,1
39,67,1785.714,1,1
39,68,0.0,1,1
39,66,0.0,1,0
40,41,2400.0,1,1
40,68,1785.714,1,1
40,69,0.0,1,0
40,67,0.0,1,1
41,42,2400.0,1,1
41,69,1785.714,1,1
41,70,0.0,1,0
41,68,0.0,1,0
42,43,2400.0,1,1
42,70,1785.714,1,1
42,71,0.0,1,0
42,69,0.0,1,0
43,44,2400.0,1,1
43,71,1785.714,1,1
43,72,0.0,1,0
43,70,0.0,1,0
44,45,2400.0,1,1
44,72,1785.714,1,1
44,73,0.0,1,0
44,71,0.0,1,0
45,46,2400.0,1,1
45,73,1785.714,1,1
45,74,0.0,1,0
45,72,0.0,1,0
46,47,2400.0,1,1
46,74,1785.714,1,1
46,75,0.0,1,0
46,73,0.0,1,0
47,48,0.0,1,0
47,75,1785.714,1,1
47,76,0.0,1,0
47,74,0.0,1,0
48,49,2400.0,1,1
48,76,1785.714,1,1
48,77,0.0,1,0
48,75,0.0,1,0
49,50,0.0,1,0
49,77,1785.714,1,1
49,78,0.0,1,0
49,76,0.0,1,0
50,51,2400.0,1,1
50,78,1785.714,1,1
50,79,0.0,1,0
50,77,0.0,1,0
51,52,2400.0,1,1
51,79,1785.714,1,1
51,80,0.0,1,0
51,78,0.0,1,0
52,53,0.0,1,0
52,80,1785.714,1,1
52,81,0.0,1,0
52,79,0.0,1,0
53,54,2400.0,1,1
53,81,1785.714,1,1
53,82,0.0,1,0
53,80,0.0,1,0
54,55,0.0,1,0
54,82,1785.714,1,1
54,83,0.0,1,0
54,81,0.0,1,0
55,83,1785.714,1,1
55,82,0.0,1,0
56,57,2400.0,1,1
56,84,1785.714,1,1
56,85,0.0,1,0
57,58,2400.0,1,1
57,85,1785.714,1,1
57,86,0.0,1,0
57,84,0.0,1,0
58,59,2400.0,1,1
58,86,1785.714,1,1
58,87,0.0,1,0
58,85,0.0,1,0
59,60,2400.0,1,1
59,87,1785.714,1,1
59,88,0.0,1,0
59,86,0.0,1,0
60,61,2400.0,1,1
60,88,1785.714,1,1
60,89,0.0,1,0
60,87,0.0,1,0
61,62,4800.0,1,1
61,89,1785.714,1,1
61,90,0.0,1,1
61,88,0.0,1,0
62,63,2400.0,1,1
62,90,1785.714,1,1
62,91,0.0,1,0
62,89,0.0,1,1
63,64,2400.0,1,1
63,91,1785.714,1,1
63,92,0.0,1,0
63,90,0.0,1,0
64,65,2400.0,1,1
64,92,1785.714,1,1
64,93,0.0,1,0
64,91,0.0,1,0
65,66,2400.0,1,1
65,93,1785.714,1,1
65,94,0.0,1,0
65,92,0.0,1,0
66,67,2400.0,1,1
66,94,1785.714,1,1
66,95,0.0,1,0
66,93,0.0,1,0
67,68,4800.0,1,1
67,95,1785.714,1,1
67,96,0.0,1,1
67,94,0.0,1,0
68,69,2400.0,1,1
68,96,1785.714,1,1
68,97,0.0,1,0
68,95,0.0,1,1
69,70,2400.0,1,1
69,97,1785.714,1,1
69,98,0.0,1,0
69,96,0.0,1,0
70,71,2400.0,1,1
70,98,1785.714,1,1
70,99,0.0,1,0
70,97,0.0,1,0
71,72,2400.0,1,1
71,99,1785.714,1,1
71,100,0.0,1,0
71,98,0.0,1,0
72,73,2400.0,1,1
72,100,1785.714,1,1
72,101,0.0,1,0
72,99,0.0,1,0
73,74,2400.0,1,1
73,101,1785.714,1,1
73,102,0.0,1,0
73,100,0.0,1,0
74,75,2400.0,1,1
74,102,1785.714,1,1
74,103,0.0,1,0
74,101,0.0,1,0
75,76,0.0,1,0
75,103,1785.714,1,1
75,104,0.0,1,0
75,102,0.0,1,0
76,77,2400.0,1,1
76,104,1785.714,1,1
76,105,0.0,1,0
76,103,0.0,1,0
77,78,0.0,1,0
77,105,1785.714,1,1
77,106,0.0,1,0
77,104,0.0,1,0
78,79,2400.0,1,1
78,106,1785.714,1,1
78,107,0.0,1,0
78,105,0.0,1,0
79,80,2400.0,1,1
79,107,1785.714,1,1
79,108,0.0,1,0
79,106,0.0,1,0
80,81,0.0,1,0
80,108,1785.714,1,1
80,109,0.0,1,0
80,107,0.0,1,0
81,82,2400.0,1,1
81,109,1785.714,1,1
81,110,0.0,1,0
81,108,0.0,1,0
82,83,0.0,1,0
82,110,1785.714,1,1
82,111,0.0,1,0
82,109,0.0,1,0
83,111,1785.714,1,1
83,110,0.0,1,0
84,85,2400.0,1,1
84,112,1785.714,1,1
84,113,0.0,1,0
85,86,2400.0,1,1
85,113,1785.714,1,1
85,114,0.0,1,0
85,112,0.0,1,0
86,87,2400.0,1,1
86,114,1785.714,1,1
86,115,0.0,1,0
86,113,0.0,1,0
87,88,2400.0,1,1
87,115,1785.714,1,1
87,116,0.0,1,0
87,114,0.0,1,0
88,89,2400.0,1,1
88,116,1785.714,1,1
88,117,0.0,1,0
88,115,0.0,1,0
89,90,4800.0,1,1
89,117,1785.714,1,1
89,118,0.0,1,1
89,116,0.0,1,0
90,91,2400.0,1,1
90,118,1785.714,1,1
90,119,0.0,1,0
90,117,0.0,1,1
91,92,2400.0,1,1
91,119,1785.714,1,1
91,120,0.0,1,0
91,118,0.0,1,0
92,93,2400.0,1,1
92,120,1785.714,1,1
92,121,0.0,1,0
92,119,0.0,1,0
93,94,2400.0,1,1
93,121,1785.714,1,1
93,122,0.0,1,0
93,120,0.0,1,0
94,95,2400.0,1,1
94,122,1785.714,1,1
94,123,0.0,1,0
94,121,0.0,1,0
95,96,4800.0,1,1
95,123,1785.714,1,1
95,124,0.0,1,1
95,122,0.0,1,0
96,97,2400.0,1,1
96,124,1785.714,1,1
96,125,0.0,1,0
96,123,0.0,1,1
97,98,2400.0,1,1
97,125,1785.714,1,1
97,126,0.0,1,0
97,124,0.0,1,0
98,99,2400.0,1,1
98,126,1785.714,1,1
98,127,0.0,1,0
98,125,0.0,1,0
99,100,2400.0,1,1
99,127,1785.714,1,1
99,128,0.0,1,0
99,126,0.0,1,0
100,101,2400.0,1,1
100,128,1785.714,1,1
100,129,0.0,1,0
100,127,0.0,1,0
101,102,2400.0,1,1
101,129,1785.714,1,1
101,130,0.0,1,0
101,128,0.0,1,0
102,103,2400.0,1,1
102,130,1785.714,1,1
102,131,0.0,1,0
102,129,0.0,1,0
103,104,0.0,1,0
103,131,1785.714,1,1
103,132,0.0,1,0
103,130,0.0,1,0
104,105,2400.0,1,1
104,132,1785.714,1,1
104,133,0.0,1,0
104,131,0.0,1,0
105,106,0.0,1,0
105,133,1785.714,1,1
105,134,0.0,1,0
105,132,0.0,1,0
106,107,2400.0,1,1
106,134,1785.714,1,1
106,135,0.0,1,0
106,133,0.0,1,0
107,108,2400.0,1,1
107,135,1785.714,1,1
107,136,0.0,1,0
107,134,0.0,1,0
108,109,0.0,1,0
108,136,1785.714,1,1
108,137,0.0,1,0
108,135,0.0,1,0
109,110,2400.0,1,1
109,137,1785.714,1,1
109,138,0.0,1,0
109,136,0.0,1,0
110,111,0.0,1,0
110,138,1785.714,1,1
110,139,0.0,1,0
110,137,0.0,1,0
111,139,1785.714,1,1
111,138,0.0,1,0
112,113,2400.0,1,1
112,140,1785.714,1,1
112,141,0.0,1,0
113,114,2400.0,1,1
113,141,1785.714,1,1
113,142,0.0,1,0
113,140,0.0,1,0
114,115,2400.0,1,1
114,142,1785.714,1,1
114,143,0.0,1,0
114,141,0.0,1,0
115,116,2400.0,1,1
115,143,1785.714,1,1
115,144,0.0,1,0
115,142,0.0,1,0
116,117,2400.0,1,1
116,144,1785.714,1,1
116,145,0.0,1,0
116,143,0.0,1,0
117,118,4800.0,1,1
117,145,1785.714,1,1
117,146,0.0,1,1
117,144,0.0,1,0
118,119,2400.0,1,1
118,146,1785.714,1,1
118,147,0.0,1,0
118,145,0.0,1,1
119,120,2400.0,1,1
119,147,1785.714,1,1
119,148,0.0,1,0
119,146,0.0,1,0
120,121,2400.0,1,1
120,148,1785.714,1,1
120,149,0.0,1,0
120,147,0.0,1,0
121,122,2400.0,1,1
121,149,1785.714,1,1
121,150,0.0,1,0
121,148,0.0,1,0
122,123,2400.0,1,1
122,150,1785.714,1,1
122,151,0.0,1,0
122,149,0.0,1,0
123,124,4800.0,1,1
123,151,1785.714,1,1
123,152,0.0,1,1
123,150,0.0,1,0
124,125,2400.0,1,1
124,152,1785.714,1,1
124,153,0.0,1,0
124,151,0.0,1,1
125,126,2400.0,1,1
125,153,1785.714,1,1
125,154,0.0,1,0
125,152,0.0,1,0
126,127,2400.0,1,1
126,154,1785.714,1,1
126,155,0.0,1,0
126,153,0.0,1,0
127,128,2400.0,1,1
127,155,1785.714,1,1
127,156,0.0,1,0
127,154,0.0,1,0
128,129,2400.0,1,1
128,156,1785.714,1,1
128,157,0.0,1,0
128,155,0.0,1,0
129,130,2400.0,1,1
129,157,1785.714,1,1
129,158,0.0,1,0
129,156,0.0,1,0
130,131,2400.0,1,1
130,158,1785.714,1,1
130,159,0.0,1,0
130,157,0.0,1,0
131,132,0.0,1,0
131,159,1785.714,1,1
131,160,0.0,1,0
131,158,0.0,1,0
132,133,2400.0,1,1
132,160,1785.714,1,1
132,161,0.0,1,0
132,159,0.0,1,0
133,134,0.0,1,0
133,161,1785.714,1,1
133,162,0.0,1,0
133,160,0.0,1,0
134,135,2400.0,1,1
134,162,1785.714,1,1
134,163,0.0,1,0
134,161,0.0,1,0
135,136,2400.0,1,1
135,163,1785.714,1,1
135,164,0.0,1,0
135,162,0.0,1,0
136,137,0.0,1,0
136,164,1785.714,1,1
136,165,0.0,1,0
136,163,0.0,1,0
137,138,2400.0,1,1
137,165,1785.714,1,1
137,166,0.0,1,0
137,164,0.0,1,0
138,139,0.0,1,0
138,166,1785.714,1,1
138,167,0.0,1,0
138,165,0.0,1,0
139,167,1785.714,1,1
139,166,0.0,1,0
140,141,2400.0,1,1
140,168,1785.714,1,1
140,169,0.0,1,0
141,142,2400.0,1,1
141,169,1785.714,1,1
141,170,0.0,1,0
141,168,0.0,1,0
142,143,2400.0,1,1
142,170,1785.714,1,1
142,171,0.0,1,0
142,169,0.0,1,0
143,144,2400.0,1,1
143,171,1785.714,1,1
143,172,0.0,1,0
143,170,0.0,1,0
144,145,2400.0,1,1
144,172,1785.714,1,1
144,173,0.0,1,0
144,171,0.0,1,0
145,146,4800.0,1,1
145,173,1785.714,1,1
145,174,0.0,1,1
145,172,0.0,1,0
146,147,2400.0,1,1
146,174,1785.714,1,1
146,175,0.0,1,0
146,173,0.0,1,1
147,148,2400.0,1,1
147,175,1785.714,1,1
147,176,0.0,1,0
147,174,0.0,1,0
148,149,2400.0,1,1
148,176,1785.714,1,1
148,177,0.0,1,0
148,175,0.0,1,0
149,150,2400.0,1,1
149,177,1785.714,1,1
149,178,0.0,1,0
149,176,0.0,1,0
150,151,2400.0,1,1
150,178,1785.714,1,1
150,179,0.0,1,0
150,177,0.0,1,0
151,152,4800.0,1,1
151,179,1785.714,1,1
151,180,0.0,1,1
151,178,0.0,1,0
152,153,2400.0,1,1
152,180,1785.714,1,1
152,181,0.0,1,0
152,179,0.0,1,1
153,154,2400.0,1,1
153,181,1785.714,1,1
153,182,0.0,1,0
153,180,0.0,1,0
154,155,2400.0,1,1
154,182,1785.714,1,1
154,183,0.0,1,0
154,181,0.0,1,0
155,156,2400.0,1,1
155,183,1785.714,1,1
155,184,0.0,1,0
155,182,0.0,1,0
156,157,2400.0,1,1
156,184,1785.714,1,1
156,185,0.0,1,0
156,183,0.0,1,0
157,158,2400.0,1,1
157,185,1785.714,1,1
157,186,0.0,1,0
157,184,0.0,1,0
158,159,2400.0,1,1
158,186,1785.714,1,1
158,187,0.0,1,0
158,185,0.0,1,0
159,160,0.0,1,0
159,187,1785.714,1,1
159,188,0.0,1,0
159,186,0.0,1,0
160,161,2400.0,1,1
160,188,1785.714,1,1
160,189,0.0,1,0
160,187,0.0,1,0
161,162,0.0,1,0
161,189,1785.714,1,1
161,190,0.0,1,0
161,188,0.0,1,0
162,163,2400.0,1,1
162,190,1785.714,1,1
162,191,0.0,1,0
162,189,0.0,1,0
163,164,2400.0,1,1
163,191,1785.714,1,1
163,192,0.0,1,0
163,190,0.0,1,0
164,165,0.0,1,0
164,192,1785.714,1,1
164,193,0.0,1,0
164,191,0.0,1,0
165,166,2400.0,1,1
165,193,1785.714,1,1
165,194,0.0,1,0
165,192,0.0,1,0
166,167,0.0,1,0
166,194,1785.714,1,1
166,195,0.0,1,0
166,193,0.0,1,0
167,195,1785.714,1,1
167,194,0.0,1,0
168,169,2400.0,1,1
168,196,1785.714,1,1
168,197,0.0,1,0
169,170,2400.0,1,1
169,197,1785.714,1,1
169,198,0.0,1,0
169,196,0.0,1,0
170,171,2400.0,1,1
170,198,1785.714,1,1
170,199,0.0,1,0
170,197,0.0,1,0
171,172,2400.0,1,1
171,199,1785.714,1,1
171,200,0.0,1,0
171,198,0.0,1,0
172,173,2400.0,1,1
172,200,1785.714,1,1
172,201,0.0,1,0
172,199,0.0,1,0
173,174,4800.0,1,1
173,201,1785.714,1,1
173,202,0.0,1,1
173,200,0.0,1,0
174,175,2400.0,1,1
174,202,1785.714,1,1
174,203,0.0,1,0
174,201,0.0,1,1
175,176,2400.0,1,1
175,203,1785.714,1,1
175,204,0.0,1,0
175,202,0.0,1,0
176,177,2400.0,1,1
176,204,1785.714,1,1
176,205,0.0,1,0
176,203,0.0,1,0
177,178,2400.0,1,1
177,205,1785.714,1,1
177,206,0.0,1,0
177,204,0.0,1,0
178,179,2400.0,1,1
178,206,1785.714,1,1
178,207,0.0,1,0
178,205,0.0,1,0
179,180,4800.0,1,1
179,207,1785.714,1,1
179,208,0.0,1,1
179,206,0.0,1,0
180,181,2400.0,1,1
180,208,1785.714,1,1
180,209,0.0,1,0
180,207,0.0,1,1
181,182,2400.0,1,1
181,209,1785.714,1,1
181,210,0.0,1,0
181,208,0.0,1,0
182,183,2400.0,1,1
182,210,1785.714,1,1
182,211,0.0,1,0
182,209,0.0,1,0
183,184,2400.0,1,1
183,211,1785.714,1,1
183,212,0.0,1,0
183,210,0.0,1,0
184,185,2400.0,1,1
184,212,1785.714,1,1
184,213,0.0,1,0
184,211,0.0,1,0
185,186,2400.0,1,1
185,213,1785.714,1,1
185,214,0.0,1,0
185,212,0.0,1,0
186,187,2400.0,1,1
186,214,1785.714,1,1
186,215,0.0,1,0
186,213,0.0,1,0
187,188,0.0,1,0
187,215,1785.714,1,1
187,216,0.0,1,0
187,214,0.0,1,0
188,189,2400.0,1,1
188,216,1785.714,1,1
188,217,0.0,1,0
188,215,0.0,1,0
189,190,0.0,1,0
189,217,1785.714,1,1
189,218,0.0,1,0
189,216,0.0,1,0
190,191,2400.0,1,1
190,218,1785.714,1,1
190,219,0.0,1,0
190,217,0.0,1,0
191,192,2400.0,1,1
191,219,1785.714,1,1
191,220,0.0,1,0
191,218,0.0,1,0
192,193,0.0,1,0
192,220,1785.714,1,1
192,221,0.0,1,0
192,219,0.0,1,0
193,194,2400.0,1,1
193,221,1785.714,1,1
193,222,0.0,1,0
193,220,0.0,1,0
194,195,0.0,1,0
194,222,1785.714,1,1
194,223,0.0,1,0
194,221,0.0,1,0
195,223,1785.714,1,1
195,222,0.0,1,0
196,197,2400.0,1,1
196,224,1785.714,1,1
196,225,0.0,1,0
197,198,2400.0,1,1
197,225,1785.714,1,1
197,226,0.0,1,0
197,224,0.0,1,0
198,199,2400.0,1,1
198,226,1785.714,1,1
198,227,0.0,1,0
198,225,0.0,1,0
199,200,2400.0,1,1
199,227,1785.714,1,1
199,228,0.0,1,0
199,226,0.0,1,0
200,201,2400.0,1,1
200,228,1785.714,1,1
200,229,0.0,1,0
200,227,0.0,1,0
201,202,4800.0,1,1
201,229,1785.714,1,1
201,230,0.0,1,1
201,228,0.0,1,0
202,203,2400.0,1,1
202,230,1785.714,1,1
202,231,0.0,1,0
202,229,0.0,1,1
203,204,2400.0,1,1
203,231,1785.714,1,1
203,232,0.0,1,0
203,230,0.0,1,0
204,205,2400.0,1,1
204,232,1785.714,1,1
204,233,0.0,1,0
204,231,0.0,1,0
205,206,2400.0,1,1
205,233,1785.714,1,1
205,234,0.0,1,0
205,232,0.0,1,0
206,207,2400.0,1,1
206,234,1785.714,1,1
206,235,0.0,1,0
206,233,0.0,1,0
207,208,4800.0,1,1
207,235,1785.714,1,1
207,236,0.0,1,1
207,234,0.0,1,0
208,209,2400.0,1,1
208,236,1785.714,1,1
208,237,0.0,1,0
208,235,0.0,1,1
209,210,2400.0,1,1
209,237,1785.714,1,1
209,238,0.0,1,0
209,236,0.0,1,0
210,211,2400.0,1,1
210,238,1785.714,1,1
210,239,0.0,1,0
210,237,0.0,1,0
211,212,2400.0,1,1
211,239,1785.714,1,1
211,240,0.0,1,0
211,238,0.0,1,0
212,213,2400.0,1,1
212,240,1785.714,1,1
212,241,0.0,1,0
212,239,0.0,1,0
213,214,2400.0,1,1
213,241,1785.714,1,1
213,242,0.0,1,0
213,240,0.0,1,0
214,215,2400.0,1,1
214,242,1785.714,1,1
214,243,0.0,1,0
214,241,0.0,1,0
215,216,0.0,1,0
215,243,1785.714,1,1
215,244,0.0,1,0
215,242,0.0,1,0
216,217,2400.0,1,1
216,244,1785.714,1,1
216,245,0.0,1,0
216,243,0.0,1,0
217,218,0.0,1,0
217,245,1785.714,1,1
217,246,0.0,1,0
217,244,0.0,1,0
218,219,2400.0,1,1
218,246,1785.714,1,1
218,247,0.0,1,0
218,245,0.0,1,0
219,220,2400.0,1,1
219,247,1785.714,1,1
219,248,0.0,1,0
219,246,0.0,1,0
220,221,0.0,1,0
220,248,1785.714,1,1
220,249,0.0,1,0
220,247,0.0,1,0
221,222,2400.0,1,1
221,249,1785.714,1,1
221,250,0.0,1,0
221,248,0.0,1,0
222,223,0.0,1,0
222,250,1785.714,1,1
222,251,0.0,1,0
222,249,0.0,1,0
223,251,1785.714,1,1
223,250,0.0,1,0
224,225,2400.0,1,1
224,252,1785.714,1,1
224,253,0.0,1,0
225,226,2400.0,1,1
225,253,1785.714,1,1
225,254,0.0,1,0
225,252,0.0,1,0
226,227,2400.0,1,1
226,254,1785.714,1,1
226,255,0.0,1,0
226,253,0.0,1,0
227,228,2400.0,1,1
227,255,1785.714,1,1
227,256,0.0,1,0
227,254,0.0,1,0
228,229,2400.0,1,1
228,256,1785.714,1,1
228,257,0.0,1,0
228,255,0.0,1,0
229,230,4800.0,1,1
229,257,1785.714,1,1
229,258,0.0,1,1
229,256,0.0,1,0
230,231,2400.0,1,1
230,258,1785.714,1,1
230,259,0.0,1,0
230,257,0.0,1,1
231,232,2400.0,1,1
231,259,1785.714,1,1
231,260,0.0,1,0
231,258,0.0,1,0
232,233,2400.0,1,1
232,260,1785.714,1,1
232,261,0.0,1,0
232,259,0.0,1,0
233,234,2400.0,1,1
233,261,1785.714,1,1
233,262,0.0,1,0
233,260,0.0,1,0
234,235,2400.0,1,1
234,262,1785.714,1,1
234,263,0.0,1,0
234,261,0.0,1,0
235,236,4800.0,1,1
235,263,1785.714,1,1
235,264,0.0,1,1
235,262,0.0,1,0
236,237,2400.0,1,1
236,264,1785.714,1,1
236,265,0.0,1,0
236,263,0.0,1,1
237,238,2400.0,1,1
237,265,1785.714,1,1
237,266,0.0,1,0
237,264,0.0,1,0
238,239,2400.0,1,1
238,266,1785.714,1,1
238,267,0.0,1,0
238,265,0.0,1,0
239,240,2400.0,1,1
239,267,1785.714,1,1
239,268,0.0,1,0
239,266,0.0,1,0
240,241,2400.0,1,1
240,268,1785.714,1,1
240,269,0.0,1,0
240,267,0.0,1,0
241,242,2400.0,1,1
241,269,1785.714,1,1
241,270,0.0,1,0
241,268,0.0,1,0
242,243,2400.0,1,1
242,270,1785.714,1,1
242,271,0.0,1,0
242,269,0.0,1,0
243,244,0.0,1,0
243,271,1785.714,1,1
243,272,0.0,1,0
243,270,0.0,1,0
244,245,2400.0,1,1
244,272,1785.714,1,1
244,273,0.0,1,0
244,271,0.0,1,0
245,246,0.0,1,0
245,273,1785.714,1,1
245,274,0.0,1,0
245,272,0.0,1,0
246,247,2400.0,1,1
246,274,1785.714,1,1
246,275,0.0,1,0
246,273,0.0,1,0
247,248,2400.0,1,1
247,275,1785.714,1,1
247,276,0.0,1,0
247,274,0.0,1,0
248,249,0.0,1,0
248,276,1785.714,1,1
248,277,0.0,1,0
248,275,0.0,1,0
249,250,2400.0,1,1
249,277,1785.714,1,1
249,278,0.0,1,0
249,276,0.0,1,0
250,251,0.0,1,0
250,278,1785.714,1,1
250,279,0.0,1,0
250,277,0.0,1,0
251,279,1785.714,1,1
251,278,0.0,1,0
252,253,2400.0,1,1
252,280,1785.714,1,1
252,281,0.0,1,0
253,254,2400.0,1,1
253,281,1785.714,1,1
253,282,0.0,1,0
253,280,0.0,1,0
254,255,2400.0,1,1
254,282,1785.714,1,1
254,283,0.0,1,0
254,281,0.0,1,0
255,256,2400.0,1,1
255,283,1785.714,1,1
255,284,0.0,1,0
255,282,0.0,1,0
256,257,2400.0,1,1
256,284,1785.714,1,1
256,285,0.0,1,0
256,283,0.0,1,0
257,258,4800.0,1,1
257,285,1785.714,1,1
257,286,0.0,1,1
257,284,0.0,1,0
258,259,2400.0,1,1
258,286,1785.714,1,1
258,287,0.0,1,0
258,285,0.0,1,1
259,260,2400.0,1,1
259,287,1785.714,1,1
259,288,0.0,1,0
259,286,0.0,1,0
260,261,2400.0,1,1
260,288,1785.714,1,1
260,289,0.0,1,0
260,287,0.0,1,0
261,262,2400.0,1,1
261,289,1785.714,1,1
261,290,0.0,1,0
261,288,0.0,1,0
262,263,2400.0,1,1
262,290,1785.714,1,1
262,291,0.0,1,0
262,289,0.0,1,0
263,264,4800.0,1,1
263,291,1785.714,1,1
263,292,0.0,1,1
263,290,0.0,1,0
264,265,2400.0,1,1
264,292,1785.714,1,1
264,293,0.0,1,0
264,291,0.0,1,1
265,266,2400.0,1,1
265,293,1785.714,1,1
265,294,0.0,1,0
265,292,0.0,1,0
266,267,2400.0,1,1
266,294,1785.714,1,1
266,295,0.0,1,0
266,293,0.0,1,0
267,268,2400.0,1,1
267,295,1785.714,1,1
267,296,0.0,1,0
267,294,0.0,1,0
268,269,2400.0,1,1
268,296,1785.714,1,1
268,297,0.0,1,0
268,295,0.0,1,0
269,270,2400.0,1,1
269,297,1785.714,1,1
269,298,0.0,1,0
269,296,0.0,1,0
270,271,2400.0,1,1
270,298,1785.714,1,1
270,299,0.0,1,0
270,297,0.0,1,0
271,272,0.0,1,0
271,299,1785.714,1,1
271,300,0.0,1,0
271,298,0.0,1,0
272,273,2400.0,1,1
272,300,1785.714,1,1
272,301,0.0,1,0
272,299,0.0,1,0
273,274,0.0,1,0
273,301,1785.714,1,1
273,302,0.0,1,0
273,300,0.0,1,0
274,275,2400.0,1,1
274,302,1785.714,1,1
274,303,0.0,1,0
274,301,0.0,1,0
275,276,2400.0,1,1
275,303,1785.714,1,1
275,304,0.0,1,0
275,302,0.0,1,0
276,277,0.0,1,0
276,304,1785.714,1,1
276,305,0.0,1,0
276,303,0.0,1,0
277,278,2400.0,1,1
277,305,1785.714,1,1
277,306,0.0,1,0
277,304,0.0,1,0
278,279,0.0,1,0
278,306,1785.714,1,1
278,307,0.0,1,0
278,305,0.0,1,0
279,307,1785.714,1,1
279,306,0.0,1,0
280,281,2400.0,1,1
280,308,1785.714,1,1
280,309,0.0,1,0
281,282,2400.0,1,1
281,309,1785.714,1,1
281,310,0.0,1,0
281,308,0.0,1,0
282,283,2400.0,1,1
282,310,1785.714,1,1
282,311,0.0,1,0
282,309,0.0,1,0
283,284,2400.0,1,1
283,311,1785.714,1,1
283,312,0.0,1,0
283,310,0.0,1,0
284,285,2400.0,1,1
284,312,1785.714,1,1
284,313,0.0,1,0
284,311,0.0,1,0
285,286,4800.0,1,1
285,313,1785.714,1,1
285,314,0.0,1,1
285,312,0.0,1,0
286,287,2400.0,1,1
286,314,1785.714,1,1
286,315,0.0,1,0
286,313,0.0,1,1
287,288,2400.0,1,1
287,315,1785.714,1,1
287,316,0.0,1,0
287,314,0.0,1,0
288,289,2400.0,1,1
288,316,1785.714,1,1
288,317,0.0,1,0
288,315,0.0,1,0
289,290,2400.0,1,1
289,317,1785.714,1,1
289,318,0.0,1,0
289,316,0.0,1,0
290,291,2400.0,1,1
290,318,1785.714,1,1
290,319,0.0,1,0
290,317,0.0,1,0
291,292,4800.0,1,1
291,319,1785.714,1,1
291,320,0.0,1,1
291,318,0.0,1,0
292,293,2400.0,1,1
292,320,1785.714,1,1
292,321,0.0,1,0
292,319,0.0,1,1
293,294,2400.0,1,1
293,321,1785.714,1,1
293,322,0.0,1,0
293,320,0.0,1,0
294,295,2400.0,1,1
294,322,1785.714,1,1
294,323,0.0,1,0
294,321,0.0,1,0
295,296,2400.0,1,1
295,323,1785.714,1,1
295,324,0.0,1,0
295,322,0.0,1,0
296,297,2400.0,1,1
296,324,1785.714,1,1
296,325,0.0,1,0
296,323,0.0,1,0
297,298,2400.0,1,1
297,325,1785.714,1,1
297,326,0.0,1,0
297,324,0.0,1,0
298,299,2400.0,1,1
298,326,1785.714,1,1
298,327,0.0,1,0
298,325,0.0,1,0
299,300,0.0,1,0
299,327,1785.714,1,1
299,328,0.0,1,0
299,326,0.0,1,0
300,301,2400.0,1,1
300,328,1785.714,1,1
300,329,0.0,1,0
300,327,0.0,1,0
301,302,0.0,1,0
301,329,1785.714,1,1
301,330,0.0,1,0
301,328,0.0,1,0
302,303,2400.0,1,1
302,330,1785.714,1,1
302,331,0.0,1,0
302,329,0.0,1,0
303,304,2400.0,1,1
303,331,1785.714,1,1
303,332,0.0,1,0
303,330,0.0,1,0
304,305,0.0,1,0
304,332,1785.714,1,1
304,333,0.0,1,0
304,331,0.0,1,0
305,306,2400.0,1,1
305,333,1785.714,1,1
305,334,0.0,1,0
305,332,0.0,1,0
306,307,0.0,1,0
306,334,1785.714,1,1
306,335,0.0,1,0
306,333,0.0,1,0
307,335,1785.714,1,1
307,334,0.0,1,0
308,309,2400.0,1,1
308,336,1785.714,1,1
308,337,0.0,1,0
309,310,2400.0,1,1
309,337,1785.714,1,1
309,338,0.0,1,0
309,336,0.0,1,0
310,311,2400.0,1,1
310,338,1785.714,1,1
310,339,0.0,1,0
310,337,0.0,1,0
311,312,2400.0,1,1
311,339,1785.714,1,1
311,340,0.0,1,0
311,338,0.0,1,0
312,313,2400.0,1,1
312,340,1785.714,1,1
312,341,0.0,1,0
312,339,0.0,1,0
313,314,4800.0,1,1
313,341,1785.714,1,1
313,342,0.0,1,1
313,340,0.0,1,0
314,315,2400.0,1,1
314,342,1785.714,1,1
314,343,0.0,1,0
314,341,0.0,1,1
315,316,2400.0,1,1
315,343,1785.714,1,1
315,344,0.0,1,0
315,342,0.0,1,0
316,317,2400.0,1,1
316,344,1785.714,1,1
316,345,0.0,1,0
316,343,0.0,1,0
317,318,2400.0,1,1
317,345,1785.714,1,1
317,346,0.0,1,0
317,344,0.0,1,0
318,319,2400.0,1,1
318,346,1785.714,1,1
318,347,0.0,1,0
318,345,0.0,1,0
319,320,4800.0,1,1
319,347,1785.714,1,1
319,348,0.0,1,1
319,346,0.0,1,0
320,321,2400.0,1,1
320,348,1785.714,1,1
320,349,0.0,1,0
320,347,0.0,1,1
321,322,2400.0,1,1
321,349,1785.714,1,1
321,350,0.0,1,0
321,348,0.0,1,0
322,323,2400.0,1,1
322,350,1785.714,1,1
322,351,0.0,1,0
322,349,0.0,1,0
323,324,2400.0,1,1
323,351,1785.714,1,1
323,352,0.0,1,0
323,350,0.0,1,0
324,325,2400.0,1,1
324,352,1785.714,1,1
324,353,0.0,1,0
324,351,0.0,1,0
325,326,2400.0,1,1
325,353,1785.714,1,1
325,354,0.0,1,0
325,352,0.0,1,0
326,327,2400.0,1,1
326,354,1785.714,1,1
326,355,0.0,1,0
326,353,0.0,1,0
327,328,0.0,1,0
327,355,1785.714,1,1
327,356,0.0,1,0
327,354,0.0,1,0
328,329,2400.0,1,1
328,356,1785.714,1,1
328,357,0.0,1,0
328,355,0.0,1,0
329,330,0.0,1,0
329,357,1785.714,1,1
329,358,0.0,1,0
329,356,0.0,1,0
330,331,2400.0,1,1
330,358,1785.714,1,1
330,359,0.0,1,0
330,357,0.0,1,0
331,332,2400.0,1,1
331,359,1785.714,1,1
331,360,0.0,1,0
331,358,0.0,1,0
332,333,0.0,1,0
332,360,1785.714,1,1
332,361,0.0,1,0
332,359,0.0,1,0
333,334,2400.0,1,1
333,361,1785.714,1,1
333,362,0.0,1,0
333,360,0.0,1,0
334,335,0.0,1,0
334,362,1785.714,1,1
334,363,0.0,1,0
334,361,0.0,1,0
335,363,1785.714,1,1
335,362,0.0,1,0
336,337,2400.0,1,1
336,364,1785.714,1,1
336,365,0.0,1,0
337,338,2400.0,1,1
337,365,1785.714,1,1
337,366,0.0,1,0
337,364,0.0,1,0
338,339,2400.0,1,1
338,366,1785.714,1,1
338,367,0.0,1,0
338,365,0.0,1,0
339,340,2400.0,1,1
339,367,1785.714,1,1
339,368,0.0,1,0
339,366,0.0,1,0
340,341,2400.0,1,1
340,368,1785.714,1,1
340,369,0.0,1,0
340,367,0.0,1,0
341,342,4800.0,1,1
341,369,1785.714,1,1
341,370,0.0,1,1
341,368,0.0,1,0
342,343,2400.0,1,1
342,370,1785.714,1,1
342,371,0.0,1,0
342,369,0.0,1,1
343,344,2400.0,1,1
343,371,1785.714,1,1
343,372,0.0,1,0
343,370,0.0,1,0
344,345,2400.0,1,1
344,372,1785.714,1,1
344,373,0.0,1,0
344,371,0.0,1,0
345,346,2400.0,1,1
345,373,1785.714,1,1
345,374,0.0,1,0
345,372,0.0,1,0
346,347,2400.0,1,1
346,374,1785.714,1,1
346,375,0.0,1,0
346,373,0.0,1,0
347,348,4800.0,1,1
347,375,1785.714,1,1
347,376,0.0,1,1
347,374,0.0,1,0
348,349,2400.0,1,1
348,376,1785.714,1,1
348,377,0.0,1,0
348,375,0.0,1,1
349,350,2400.0,1,1
349,377,1785.714,1,1
349,378,0.0,1,0
349,376,0.0,1,0
350,351,2400.0,1,1
350,378,1785.714,1,1
350,379,0.0,1,0
350,377,0.0,1,0
351,352,2400.0,1,1
351,379,1785.714,1,1
351,380,0.0,1,0
351,378,0.0,1,0
352,353,2400.0,1,1
352,380,1785.714,1,1
352,381,0.0,1,0
352,379,0.0,1,0
353,354,2400.0,1,1
353,381,1785.714,1,1
353,382,0.0,1,0
353,380,0.0,1,0
354,355,2400.0,1,1
354,382,1785.714,1,1
354,383,0.0,1,0
354,381,0.0,1,0
355,356,0.0,1,0
355,383,1785.714,1,1
355,384,0.0,1,0
355,382,0.0,1,0
356,357,2400.0,1,1
356,384,1785.714,1,1
356,385,0.0,1,0
356,383,0.0,1,0
357,358,0.0,1,0
357,385,1785.714,1,1
357,386,0.0,1,0
357,384,0.0,1,0
358,359,2400.0,1,1
358,386,1785.714,1,1
358,387,0.0,1,0
358,385,0.0,1,0
359,360,2400.0,1,1
359,387,1785.714,1,1
359,388,0.0,1,0
359,386,0.0,1,0
360,361,0.0,1,0
360,388,1785.714,1,1
360,389,0.0,1,0
360,387,0.0,1,0
361,362,2400.0,1,1
361,389,1785.714,1,1
361,390,0.0,1,0
361,388,0.0,1,0
362,363,0.0,1,0
362,390,1785.714,1,1
362,391,0.0,1,0
362,389,0.0,1,0
363,391,1785.714,1,1
363,390,0.0,1,0
364,365,2400.0,1,1
364,392,1785.714,1,1
364,393,0.0,1,0
365,366,2400.0,1,1
365,393,1785.714,1,1
365,394,0.0,1,0
365,392,0.0,1,0
366,367,2400.0,1,1
366,394,1785.714,1,1
366,395,0.0,1,0
366,393,0.0,1,0
367,368,2400.0,1,1
367,395,1785.714,1,1
367,396,0.0,1,0
367,394,0.0,1,0
368,369,2400.0,1,1
368,396,1785.714,1,1
368,397,0.0,1,0
368,395,0.0,1,0
369,370,4800.0,1,1
369,397,1785.714,1,1
369,398,0.0,1,1
369,396,0.0,1,0
370,371,2400.0,1,1
370,398,1785.714,1,1
370,399,0.0,1,0
370,397,0.0,1,1
371,372,2400.0,1,1
371,399,1785.714,1,1
371,400,0.0,1,0
371,398,0.0,1,0
372,373,2400.0,1,1
372,400,1785.714,1,1
372,401,0.0,1,0
372,399,0.0,1,0
373,374,2400.0,1,1
373,401,1785.714,1,1
373,402,0.0,1,0
373,400,0.0,1,0
374,375,2400.0,1,1
374,402,1785.714,1,1
374,403,0.0,1,0
374,401,0.0,1,0
375,376,4800.0,1,1
375,403,1785.714,1,1
375,404,0.0,1,1
375,402,0.0,1,0
376,377,2400.0,1,1
376,404,1785.714,1,1
376,405,0.0,1,0
376,403,0.0,1,1
377,378,2400.0,1,1
377,405,1785.714,1,1
377,406,0.0,1,0
377,404,0.0,1,0
378,379,2400.0,1,1
378,406,1785.714,1,1
378,407,0.0,1,0
378,405,0.0,1,0
379,380,2400.0,1,1
379,407,1785.714,1,1
379,408,0.0,1,0
379,406,0.0,1,0
380,381,2400.0,1,1
380,408,1785.714,1,1
380,409,0.0,1,0
380,407,0.0,1,0
381,382,2400.0,1,1
381,409,1785.714,1,1
381,410,0.0,1,0
381,408,0.0,1,0
382,383,2400.0,1,1
382,410,1785.714,1,1
382,411,0.0,1,0
382,409,0.0,1,0
383,384,0.0,1,0
383,411,1785.714,1,1
383,412,0.0,1,0
383,410,0.0,1,0
384,385,2400.0,1,1
384,412,1785.714,1,1
384,413,0.0,1,0
384,411,0.0,1,0
385,386,0.0,1,0
385,413,1785.714,1,1
385,414,0.0,1,0
385,412,0.0,1,0
386,387,2400.0,1,1
386,414,1785.714,1,1
386,415,0.0,1,0
386,413,0.0,1,0
387,388,2400.0,1,1
387,415,1785.714,1,1
387,416,0.0,1,0
387,414,0.0,1,0
388,389,0.0,1,0
388,416,1785.714,1,1
388,417,0.0,1,0
388,415,0.0,1,0
389,390,2400.0,1,1
389,417,1785.714,1,1
389,418,0.0,1,0
389,416,0.0,1,0
390,391,0.0,1,0
390,418,1785.714,1,1
390,419,0.0,1,0
390,417,0.0,1,0
391,419,1785.714,1,1
391,418,0.0,1,0
392,393,2400.0,1,1
393,394,2400.0,1,1
394,395,2400.0,1,1
395,396,2400.0,1,1
396,397,2400.0,1,1
397,398,4800.0,1,1
398,399,2400.0,1,1
399,400,2400.0,1,1
400,401,2400.0,1,1
401,402,2400.0,1,1
402,403,2400.0,1,1
403,404,4800.0,1,1
404,405,2400.0,1,1
405,406,2400.0,1,1
406,407,2400.0,1,1
407,408,2400.0,1,1
408,409,2400.0,1,1
409,410,2400.0,1,1
410,411,2400.0,1,1
411,412,0.0,1,0
412,413,2400.0,1,1
413,414,0.0,1,0
414,415,2400.0,1,1
415,416,2400.0,1,1
416,417,0.0,1,0
417,418,2400.0,1,1
418,419,0.0,1,0
