unit_id,row,col,area_ha,aml_count,severity_sum,severity_mean,unfunded_cost_sum,dist_water_m,water_km,slope_deg_mean,risk_index,water_priority,restoration_cost_proxy,benefit_proxy,priority_score,candidate
0,0,9,241.46364813371608,0.0,0.0,0.0,0.0,76.11754980663076,3.2336199091804767,13.552575836875546,0.404593892750566,3.923326330882142,241.46364813371608,2.366257058191637,1.4755361835864345,1
1,0,10,336.6646116100303,0.0,0.0,0.0,0.0,343.8298986172709,3.651397771133982,12.891148864198795,0.3417403232121442,3.298071394615175,336.6646116100303,1.9907760205197316,1.0809673705751963,1
2,0,11,116.52739903189544,0.0,0.0,0.0,0.0,572.1726115286478,0.5487250375534718,11.203935568691582,0.284025342821309,0.8739426044053221,116.52739903189544,0.72099664502397,0.5583414520703469,0
3,0,12,327.11945480773795,0.0,0.0,0.0,0.0,113.52368789158092,4.556976657190011,12.166807011542495,0.3784068388496451,4.960618873238726,327.11945480773795,2.858716275469008,1.5726253817400049,1
4,0,13,217.63930560619863,0.0,0.0,0.0,0.0,656.1047017110961,0.2574881494634578,14.205064309404252,0.3109593029215416,0.6524710538730675,217.63930560619863,0.6371948298580754,0.4126646889693547,0
5,0,14,129.2781089353596,0.0,0.0,0.0,0.0,269.79269492106374,0.4665369103252422,13.43146993529122,0.362256329009146,1.1197563121417695,129.2781089353596,0.9221344850800308,0.6968997731154232,1
6,1,9,266.0659945204575,0.0,0.0,0.0,0.0,452.87644893253025,3.2285762731977035,11.980763611875378,0.3118115223296099,2.6885147646441983,266.0659945204575,1.656068904651709,0.99453742918914,1
7,1,10,400.0,0.0,0.0,0.0,0.0,666.2999345246304,4.933536863579751,14.520470233835342,0.3136677838612862,3.0474968122989923,400.0,1.8374161900107824,0.9187080950053912,0
8,1,11,400.0,0.0,0.0,0.0,0.0,485.32994084976906,4.268913343123436,13.846722239813609,0.3305436067022373,3.242985005589852,400.0,1.9520361094971632,0.9760180547485816,1
9,1,12,400.0,0.0,0.0,0.0,0.0,130.9852494485656,5.235674842734648,12.811208031243748,0.3827656559919848,5.470125494142274,400.0,3.117828403063122,1.558914201531561,1
10,1,13,400.0,0.0,0.0,0.0,0.0,199.53360434882643,5.020349579569288,11.046888260630029,0.3457252262972642,4.931344766565265,400.0,2.8113976095798967,1.4056988047899484,1
11,1,14,400.0,0.0,0.0,0.0,0.0,418.90547001682967,3.571885421961328,15.324871501378846,0.3599713581713024,3.0072324825079324,400.0,1.8635875994252689,0.9317937997126344,1
12,1,15,90.14824574243572,0.0,0.0,0.0,0.0,866.766443515215,0.0,15.181789881727669,0.2987813009054187,0.4203084453643422,90.14824574243572,0.5089355235875899,0.4153319147897361,0
13,2,9,381.59193193052823,0.0,0.0,0.0,0.0,92.9970644665291,5.160992702866962,13.972704104671909,0.4060765292264088,5.613872985912191,381.59193193052823,3.213013022182504,1.6443429830430198,1
14,2,10,400.0,0.0,0.0,0.0,0.0,19.521319968046868,5.096220650795842,14.62146172045093,0.4317219692177308,5.978368434872586,400.0,3.420906186654024,1.710453093327012,1
15,2,11,400.0,0.0,0.0,0.0,0.0,225.0761612173396,3.896539491174945,13.966155698361955,0.3778077857179114,3.9096684230531222,400.0,2.332641997244473,1.1663209986222365,1
16,2,12,400.0,0.0,0.0,0.0,0.0,487.30271959847505,2.493159276452101,14.51736526393596,0.3387970700452866,2.1457815477472604,400.0,1.4116878439189169,0.7058439219594583,1
17,2,13,400.0,0.0,0.0,0.0,0.0,7.592527463094459,7.026409758896171,13.852029700115413,0.4248468585816318,7.965699785086131,400.0,4.407696751124697,2.2038483755623486,1
18,2,14,400.0,0.0,0.0,0.0,0.0,204.22740684833312,7.730837552395642,14.644751516021328,0.3906713641559087,7.1180506154059415,400.0,3.949696671858879,1.97484833592944,1
19,2,15,388.3932985347934,0.0,0.0,0.0,0.0,206.2520430042212,5.619653926985721,15.3188444304179,0.3988598614350974,5.3859356608356315,388.3932985347934,3.091827691852913,1.5686727411808228,1
20,3,8,220.9928831693219,0.0,0.0,0.0,0.0,421.7200601839896,4.692869381476471,13.120374461437793,0.3313820343325181,3.7340533991780256,220.9928831693219,2.198408733921531,1.4160605014998895,1
21,3,9,400.0,0.0,0.0,0.0,0.0,347.9526782229099,3.1695780465043324,12.680765888389246,0.338326741221544,2.9442736978919224,400.0,1.8104635901675052,0.9052317950837526,1
22,3,10,400.0,0.0,0.0,0.0,0.0,257.8711342869089,4.668851544114963,12.603240388701536,0.3539782219119738,4.380292107602393,400.0,2.54412427571317,1.272062137856585,1
23,3,11,400.0,0.0,0.0,0.0,0.0,8.245412426337603,6.088444068318943,14.305575479143933,0.4304717073798666,7.030237223011939,400.0,3.945590318885836,1.972795159442918,1
24,3,12,400.0,0.0,0.0,0.0,0.0,162.4715062897209,7.797180445942056,13.820821156104406,0.3888496912480447,7.477957999400088,400.0,4.127828690948089,2.0639143454740445,1
25,3,13,400.0,0.0,0.0,0.0,0.0,60.95565509219565,3.7763869461170945,14.591308616058171,0.4213864898564642,4.493935119789761,400.0,2.6683540497513447,1.3341770248756724,1
26,3,14,400.0,0.0,0.0,0.0,0.0,189.69499639318323,3.3552947702861213,14.43196665118506,0.3909400576620452,3.602749475328486,400.0,2.192314795326288,1.096157397663144,1
27,3,15,382.53393438025824,0.0,0.0,0.0,0.0,166.2577648845384,4.233583796106603,14.761244583323046,0.4000454404009901,4.43194489879372,382.53393438025824,2.61601788979785,1.3372035511122733,1
28,4,8,342.25306225560564,0.0,0.0,0.0,0.0,46.247601647513854,5.2255477668672885,14.730817677747265,0.4266516235359202,5.944187382168074,342.25306225560564,3.3987453146199575,1.831583047588452,1
29,4,9,400.0,0.0,0.0,0.0,0.0,68.27866201097862,7.561063879847066,13.208529347739024,0.4020274349207103,7.996035093006861,400.0,4.4000449814241405,2.2000224907120702,1
30,4,10,400.0,0.0,0.0,0.0,0.0,494.1861115426051,4.098625062659744,14.08891472492852,0.3322770226903005,3.1105040788337033,400.0,1.887529062107152,0.943764531053576,1
31,4,11,400.0,36.0,70.0,1.9444444444444444,2155545.5,448.9461146949805,6.217628040286619,15.100127078287782,12.11605864791576,4.607015534845412,2155.5455,450.5976777403058,70.52860968279467,1
32,4,12,400.0,0.0,0.0,0.0,0.0,217.6385185478848,5.031313969114373,14.723605152459172,0.3889622613383963,4.851686486976373,400.0,2.814805504826583,1.4074027524132915,1
33,4,13,400.0,0.0,0.0,0.0,0.0,99.62264287783492,3.3208789781770003,13.034848686070324,0.3926061370107465,3.911168607152383,400.0,2.348190440586938,1.174095220293469,1
34,4,14,400.0,0.0,0.0,0.0,0.0,382.6576084442751,4.657434962439493,12.985219975312551,0.3361897893955377,3.8586330714913384,400.0,2.265506325141206,1.132753162570603,1
35,4,15,400.0,0.0,0.0,0.0,0.0,563.8272106193123,4.001055238132972,13.78353363225995,0.3181206388492623,2.845735981729949,400.0,1.7409886297142367,0.8704943148571184,0
36,4,16,111.7352886150728,0.0,0.0,0.0,0.0,570.082521541352,1.0525346819320034,14.189903629723416,0.3224184235027768,1.16066479264587,111.7352886150728,0.9027508198257118,0.7056389034798504,0
37,5,7,150.22123570332164,0.0,0.0,0.0,0.0,422.735193625314,2.2777997495072326,12.483092274765172,0.3230845856240167,2.1477852514501605,150.22123570332164,1.396977211349097,1.0155749147438176,1
38,5,8,382.7856406370231,0.0,0.0,0.0,0.0,14.914682858549844,5.277835362206055,12.543709723045335,0.4063439688392931,6.1848982254989195,382.7856406370231,3.4987930815887527,1.7878677890623902,1
39,5,9,400.0,0.0,0.0,0.0,0.0,1.9300431288100977,4.099563599775487,12.960181585616535,0.4148766830155782,5.0897307140888834,400.0,2.95974204006002,1.47987102003001,1
40,5,10,400.0,0.0,0.0,0.0,0.0,635.8508825059608,5.2425660699563705,14.86960063168877,0.3220921642404989,3.30534364267971,400.0,1.974763985580354,0.987381992790177,0
41,5,11,400.0,0.0,0.0,0.0,0.0,268.435745209536,3.4749841827065464,13.87971684511429,0.3682346998378255,3.4214590124201445,400.0,2.078964206047898,1.039482103023949,1
42,5,12,400.0,0.0,0.0,0.0,0.0,461.6852081202199,4.901521644736314,15.12201262605779,0.3504966668820423,3.7192610847641214,400.0,2.210127209264103,1.1050636046320514,1
43,5,13,400.0,0.0,0.0,0.0,0.0,45.30115485688442,3.934140491382777,11.449077342337334,0.3850059815267969,4.715605543399507,400.0,2.74280875322655,1.371404376613275,1
44,5,14,400.0,0.0,0.0,0.0,0.0,342.11219489659123,5.2497444004239675,13.410440295566747,0.348670699343709,4.438996654022419,400.0,2.5681690263549184,1.2840845131774592,1
45,5,15,400.0,0.0,0.0,0.0,0.0,176.1183287827105,4.424946594737874,15.246830563796197,0.4041637316213737,4.548919473038949,400.0,2.6786234681408483,1.339311734070424,1
46,5,16,284.362400492272,0.0,0.0,0.0,0.0,187.55899529095203,2.30948301592129,11.8293848671343,0.3581759657621665,2.7434959282073414,284.362400492272,1.729923929865837,1.0111157063108536,1
47,5,17,50.020840474227406,0.0,0.0,0.0,0.0,428.54331976224194,0.0896252131069424,14.541312586693536,0.3483966932847595,0.7098443744881138,50.020840474227406,0.7033188805288164,0.6251433865042038,1
48,5,18,66.51410155750656,0.0,0.0,0.0,0.0,348.06043249797415,0.0,14.806447293244156,0.3654292516384413,0.7060562061848192,66.51410155750656,0.7184573547308509,0.6160219829001569,1
49,6,7,287.4267652843103,0.0,0.0,0.0,0.0,401.93442430474767,5.917220178313485,12.595856543011994,0.3279664656670735,4.6277905736268865,287.4267652843103,2.6418617524805166,1.5372469539430158,1
50,6,8,400.0,0.0,0.0,0.0,0.0,106.38276752092384,4.364917329187717,12.98458081434308,0.3904401486463711,4.823492251197539,400.0,2.8021862742451407,1.4010931371225703,1
51,6,9,400.0,0.0,0.0,0.0,0.0,295.7347833923435,5.191851469325278,11.9330509257944,0.3382497662155073,4.606642875247517,400.0,2.641571203839266,1.320785601919633,1
52,6,10,400.0,0.0,0.0,0.0,0.0,155.1406635784601,5.010340645355969,14.444466610859635,0.3983703748276713,5.146622957208811,400.0,2.971681853432077,1.4858409267160384,1
53,6,11,400.0,0.0,0.0,0.0,0.0,197.8749144614518,3.929630115009124,14.335827342599456,0.3880286874255478,4.0446258260329575,400.0,2.4103416004420266,1.2051708002210133,1
54,6,12,400.0,0.0,0.0,0.0,0.0,230.12719909430925,6.807675180914645,14.225345172554428,0.3801090646186692,6.202671264320336,400.0,3.481444696778837,1.7407223483894183,1
55,6,13,400.0,0.0,0.0,0.0,0.0,149.29281272628583,8.834872605623607,14.113617133235667,0.395404610647159,8.470941723249227,400.0,4.630875472271772,2.315437736135886,1
56,6,14,400.0,0.0,0.0,0.0,0.0,457.78527829129666,2.837869987390944,14.03075468496621,0.3371889798889496,2.428156296433529,400.0,1.551267128105714,0.775633564052857,1
57,6,15,400.0,0.0,0.0,0.0,0.0,390.4613998227602,6.62088141144472,15.19169377818332,0.3630166913632923,5.157389981468275,400.0,2.94171168209743,1.470855841048715,1
58,6,16,400.0,0.0,0.0,0.0,0.0,385.71129213772144,5.4659387939446376,14.1915934035304,0.3510619924255985,4.39662376960973,400.0,2.5493738772304635,1.2746869386152315,1
59,6,17,374.2119149067131,0.0,0.0,0.0,0.0,464.44748988547207,2.7034447863235163,13.67652329767034,0.3316190827646641,2.327549319765506,374.2119149067131,1.495393742647417,0.7726017716106066,1
60,6,18,397.8708963810227,0.0,0.0,0.0,0.0,254.3351619749039,6.4350780693281875,15.189519152395864,0.3876607729959382,5.765396440436431,397.8708963810227,3.270358993214154,1.6395429426228356,1
61,6,19,317.4847276302841,0.0,0.0,0.0,0.0,101.45938259389548,3.0852731951857866,14.245409670141008,0.4076364002331515,3.6911173648898927,317.4847276302841,2.253195082678098,1.2561633695646588,1
62,6,20,288.22046884565486,0.0,0.0,0.0,0.0,73.19329206234315,3.635028389029293,14.232200748211628,0.4139436892758755,4.3078934755399425,288.22046884565486,2.567890427045847,1.4924812866161583,1
63,6,21,155.97430570634984,0.0,0.0,0.0,0.0,268.6295369219812,1.1026406781106108,14.3042619587744,0.3736144249978065,1.6073140334513598,155.97430570634984,1.1772714417234864,0.8469970138118494,1
64,7,6,136.58945012417755,0.0,0.0,0.0,0.0,469.9008313778465,1.1707770720283244,11.649896639789272,0.304906888922656,1.3568751467207003,136.58945012417755,0.9833444622830064,0.7330330196059133,1
65,7,7,400.0,0.0,0.0,0.0,0.0,101.67913478166068,5.1664696051001755,13.103291828047348,0.3930145067585432,5.570291308897831,400.0,3.1781601612074586,1.5890800806037293,1
66,7,8,400.0,0.0,0.0,0.0,0.0,71.14232826403158,6.5865736382094555,14.608026403781269,0.4192158835120668,7.065598529870297,400.0,3.9520151484472152,1.9760075742236076,1
67,7,9,400.0,0.0,0.0,0.0,0.0,192.6646874523339,6.25686282051584,14.896261607791171,0.396250759260229,5.985159146845715,400.0,3.3888303326830864,1.6944151663415432,1
68,7,10,400.0,0.0,0.0,0.0,0.0,355.7030180385634,6.0125268257314035,13.377064307182156,0.3458478974772637,4.913542056786156,400.0,2.8026189258703416,1.4013094629351708,1
69,7,11,400.0,0.0,0.0,0.0,0.0,183.06147241672457,8.039274661207317,14.485252045002984,0.3929963168399489,7.527157362038204,400.0,4.1565749978590505,2.0782874989295252,1
70,7,12,400.0,0.0,0.0,0.0,0.0,36.793799605210445,4.553456043013306,14.0740218102748,0.4205389128212586,5.352836700613073,400.0,3.0969572631277953,1.5484786315638976,1
71,7,13,400.0,0.0,0.0,0.0,0.0,124.902594046833,3.5930174054593516,13.944298611049764,0.3985607770548861,4.053718470916489,400.0,2.4254200125131304,1.2127100062565652,1
72,7,14,400.0,0.0,0.0,0.0,0.0,160.79323531415753,4.74347336450712,14.809321654247649,0.4018189006244055,4.890384390083328,400.0,2.84701109566607,1.423505547833035,1
73,7,15,400.0,0.0,0.0,0.0,0.0,25.69126076791651,5.914362967820903,14.5507108581345,0.4293112513027263,6.738986730280561,400.0,3.798804616443007,1.8994023082215037,1
74,7,16,400.0,0.0,0.0,0.0,0.0,34.39654692779175,6.869688787305149,13.290530937321392,0.4111207224366168,7.60360114958829,400.0,4.2129212972307615,2.1064606486153807,1
75,7,17,400.0,0.0,0.0,0.0,0.0,267.4246355190074,3.567886335434946,13.056156584742473,0.3579202739126487,3.496022709901453,400.0,2.105931628863375,1.0529658144316876,1
76,7,18,400.0,0.0,0.0,0.0,0.0,91.06252661141338,5.146540255004822,15.35121527350979,0.4241060413475227,5.6115492314468485,400.0,3.229880657070947,1.6149403285354735,1
77,7,19,400.0,0.0,0.0,0.0,0.0,542.0962183590644,3.690869558823887,13.830865874702548,0.3218497650226353,2.727871825014605,400.0,1.6857856775299376,0.8428928387649688,0
78,7,20,400.0,0.0,0.0,0.0,0.0,459.92892763805264,5.687732998384552,13.48758676038151,0.3299200102749501,4.22215653537125,400.0,2.440998277960575,1.2204991389802875,1
79,7,21,400.0,0.0,0.0,0.0,0.0,214.55462285662009,3.403748924255998,13.35287489493688,0.3720942793036239,3.5533882450805483,400.0,2.1487884018438983,1.0743942009219491,1
80,7,22,237.1182586316814,0.0,0.0,0.0,0.0,47.02508962630654,2.511193215549601,13.094694654534504,0.4055908433883961,3.34990114863833,237.1182586316814,2.080541417707561,1.3062199298295885,1
81,7,23,47.5097081731286,0.0,0.0,0.0,0.0,50.97329341078488,0.3299278131541898,12.120605841661112,0.3922226087352933,1.26383578648074,47.5097081731286,1.0241405019756633,0.9154129917373348,1
82,8,5,91.6543086357822,0.0,0.0,0.0,0.0,6.2618114699053065,3.78228368696607,11.517847382569617,0.3953954499878964,4.752431490079809,91.6543086357822,2.771611195027801,2.254926802304106,1
83,8,6,345.36641922719934,0.0,0.0,0.0,0.0,381.8033163299042,5.209311625178845,11.189900963352276,0.3134290747104509,4.238658060839233,345.36641922719934,2.4327581051300675,1.3055367359599412,1
84,8,7,400.0,0.0,0.0,0.0,0.0,80.35136396647937,6.98840824887048,14.354409904507866,0.4138456764005947,7.371639652502202,400.0,4.099665502651695,2.0498327513258476,1
85,8,8,400.0,0.0,0.0,0.0,0.0,99.1132359273202,5.543577693436404,14.161548701019498,0.4070969881222678,5.92612669176927,400.0,3.370160334006903,1.6850801670034514,1
86,8,9,400.0,0.0,0.0,0.0,0.0,100.75561813539484,5.909350919695791,14.44650251474994,0.4103611621866214,6.24711702768947,400.0,3.5339196760313563,1.766959838015678,1
87,8,10,400.0,0.0,0.0,0.0,0.0,151.09336563471282,5.903801870885721,12.100741477223975,0.3693350028113041,5.935663937777395,400.0,3.3371669717000016,1.6685834858500008,1
88,8,11,400.0,0.0,0.0,0.0,0.0,15.1095001371137,5.349833914811413,13.006205780900013,0.4121969692645326,6.2546122855756705,400.0,3.539503112052368,1.769751556026184,1
89,8,12,400.0,0.0,0.0,0.0,0.0,300.356667237152,5.509621255178987,14.383113436095895,0.3686524014210631,4.820726333768643,400.0,2.7790155683053843,1.3895077841526922,1
90,8,13,400.0,0.0,0.0,0.0,0.0,244.1642910835199,7.363296126555219,15.99241086980973,0.3998866196672678,6.551462661513269,400.0,3.675617950423902,1.837808975211951,1
91,8,14,400.0,0.0,0.0,0.0,0.0,303.2923258048281,5.7523259832700555,14.75984244684727,0.3729163737659334,4.985804177373175,400.0,2.8658184624525207,1.4329092312262603,1
92,8,15,400.0,0.0,0.0,0.0,0.0,397.2179255815766,7.808906712886556,15.209315464932503,0.362102268698643,5.921237182026403,400.0,3.3227208597118447,1.6613604298559224,1
93,8,16,400.0,0.0,0.0,0.0,0.0,186.6519350736607,6.15065032886362,14.766634541732524,0.3958403516241534,5.933126880373664,400.0,3.3624037918109857,1.6812018959054928,1
94,8,17,400.0,0.0,0.0,0.0,0.0,298.8855412331372,3.2691636172440957,12.780039197850426,0.3484713679799563,3.1662008294884423,400.0,1.9315717827241776,0.9657858913620888,1
95,8,18,400.0,0.0,0.0,0.0,0.0,281.6569928108114,6.012358869579763,15.056161235996155,0.3807344084388501,5.2910523195892365,400.0,3.0262605682334685,1.5131302841167342,1
96,8,19,400.0,0.0,0.0,0.0,0.0,486.99137527360426,4.147533239340926,13.49094492022754,0.3257488116413522,3.1630167565981515,400.0,1.907257189940428,0.953628594970214,1
97,8,20,400.0,0.0,0.0,0.0,0.0,26.063285542432943,5.078719974062633,14.993151602817704,0.4348657146467401,5.922335360569142,400.0,3.3960333949313113,1.6980166974656556,1
98,8,21,400.0,0.0,0.0,0.0,0.0,253.29097580110025,2.9495370842908715,12.922858112911037,0.3589430142651575,3.0657964916351133,400.0,1.891841260082714,0.9459206300413572,1
99,8,22,400.0,0.0,0.0,0.0,0.0,383.8085943667705,3.6574106127472934,14.103846263687366,0.3502661789498716,3.1729159934987012,400.0,1.9367241756992224,0.9683620878496112,1
100,8,23,400.0,0.0,0.0,0.0,0.0,237.18261227272137,4.045548568563379,14.435004459835632,0.3813877729463915,3.98016697016216,400.0,2.3714712580274715,1.1857356290137355,1
101,8,24,114.59857396271693,0.0,0.0,0.0,0.0,93.91365464849908,1.0974988412595506,11.436701418115543,0.3735110129336396,1.909481906787093,114.59857396271693,1.328251966327186,1.0324567797371462,1
102,9,5,300.2320199735243,0.0,0.0,0.0,0.0,69.45699339782317,5.706864706717198,13.970245111135789,0.4114711745344194,6.256835784361702,300.2320199735243,3.5398890667152707,2.022123505205668,1
103,9,6,400.0,0.0,0.0,0.0,0.0,222.0261945172477,5.066347334790971,13.70036685841474,0.3750263355703521,4.858503518003647,400.0,2.8042780945721755,1.4021390472860875,1
104,9,7,400.0,0.0,0.0,0.0,0.0,31.748746556356217,5.230062425925854,14.01788114728751,0.4210413868486959,6.035372683958568,400.0,3.43872772882798,1.71936386441399,1
105,9,8,400.0,0.0,0.0,0.0,0.0,57.73152146189652,6.225238360212151,13.563696423120666,0.4090347964422673,6.819926556973894,400.0,3.8189980749292145,1.9094990374646073,1
106,9,9,400.0,0.0,0.0,0.0,0.0,196.0063902437023,1.2788325189438046,13.127457729276315,0.372994747292187,1.873216241007784,400.0,1.309602867796079,0.6548014338980395,1
107,9,10,400.0,0.0,0.0,0.0,0.0,315.10499994838426,7.569789875118212,14.184163450497634,0.3634035541330837,6.253480656065286,400.0,3.490143882165727,1.7450719410828637,1
108,9,11,400.0,0.0,0.0,0.0,0.0,180.9467719886425,6.269145577576801,14.004293558590206,0.3873004785306627,6.065954967564174,400.0,3.42027796231275,1.710138981156375,1
109,9,12,400.0,0.0,0.0,0.0,0.0,107.28118731613304,6.992163483523042,16.843341181123698,0.4394721569346439,7.179145104296231,400.0,4.0290447090827595,2.0145223545413797,1
110,9,13,400.0,0.0,0.0,0.0,0.0,102.10649130690209,7.378332504064261,16.4290642651201,0.435351489440292,7.565076187130934,400.0,4.217889583005759,2.1089447915028794,1
111,9,14,400.0,0.0,0.0,0.0,0.0,213.39820872576485,7.23113299274347,15.27047018761988,0.3967942566387443,6.649392271039715,400.0,3.721490392158602,1.860745196079301,1
112,9,15,400.0,0.0,0.0,0.0,0.0,58.99043030435687,6.529874299050889,15.747948380764464,0.4366067435308638,7.098531403077348,400.0,3.9858724450695378,1.9929362225347689,1
113,9,16,400.0,0.0,0.0,0.0,0.0,58.20434278743858,5.215977871653281,16.782247895259918,0.4499886899244759,5.864508699351859,400.0,3.3822430396004055,1.6911215198002028,1
114,9,17,400.0,0.0,0.0,0.0,0.0,72.54598726224934,4.631449750514802,16.499269090287868,0.4430196276860445,5.237377658794332,400.0,3.0617084570832107,1.5308542285416054,1
115,9,18,400.0,0.0,0.0,0.0,0.0,372.44333374757974,2.828004896686413,14.1864759841083,0.3532671711489753,2.637681783334703,400.0,1.672108062816327,0.8360540314081635,1
116,9,19,400.0,0.0,0.0,0.0,0.0,44.90364410502259,3.0753303140160764,13.110680889568211,0.4063013469969202,3.896380939022705,400.0,2.354491816508273,1.1772459082541364,1
117,9,20,400.0,0.0,0.0,0.0,0.0,12.5505675743446,7.975626003340913,15.554829387462629,0.445345759629894,8.863680760266536,400.0,4.877186139763162,2.438593069881581,1
118,9,21,400.0,0.0,0.0,0.0,0.0,88.86700246301854,5.784325538310576,14.121400680806902,0.4089165159046488,6.207435707174368,400.0,3.512634369491833,1.7563171847459165,1
119,9,22,400.0,0.0,0.0,0.0,0.0,190.4652169499105,6.903923515112999,13.367718881508065,0.3772021166433535,6.533181690865503,400.0,3.643792962076106,1.821896481038053,1
120,9,23,400.0,0.0,0.0,0.0,0.0,249.53441577029105,5.093185116068733,13.351905902962626,0.3651475983401117,4.747587227051193,400.0,2.738941211865708,1.369470605932854,1
121,9,24,359.3870924819806,0.0,0.0,0.0,0.0,218.0586449974282,5.209843884000242,13.656205727885933,0.3752588595083405,4.993200621077932,359.3870924819806,2.8718591700473066,1.5127247742180725,1
122,9,25,202.8976474178967,0.0,0.0,0.0,0.0,144.86333881039067,2.0265323958677,13.37988514272419,0.3869988477940305,2.618375799149333,202.8976474178967,1.696186747368697,1.125356355018576,1
123,9,26,60.054892947687094,0.0,0.0,0.0,0.0,393.6267361262545,0.3022890631913739,11.64884387322192,0.3172788475078854,0.8785317751407591,60.054892947687094,0.7565447350782649,0.6577864917213623,1
124,10,4,100.94512780681252,0.0,0.0,0.0,0.0,259.9354746389533,0.22724443031802,12.462893107791006,0.351789168486311,0.9463298244689066,100.94512780681252,0.8249540807207643,0.6587181189544612,1
125,10,5,400.0,0.0,0.0,0.0,0.0,265.0533624288683,5.719586157992299,13.730100879330694,0.3669733679385208,5.155031389451526,400.0,2.944489062664284,1.472244531332142,1
126,10,6,400.0,0.0,0.0,0.0,0.0,94.63135432659212,4.231959893570698,13.381996936268276,0.3981677212558777,4.759556988156218,400.0,2.7779462153339867,1.3889731076669931,1
127,10,7,400.0,0.0,0.0,0.0,0.0,263.42695601072865,5.882574774898081,13.689056930350668,0.3667618732417031,5.288665081388069,400.0,3.0110944139357376,1.5055472069678688,1
128,10,8,400.0,0.0,0.0,0.0,0.0,242.25725019056512,3.4551404697124544,13.01315794510451,0.3622482148197655,3.4966359216422274,400.0,2.110566175640879,1.0552830878204396,1
129,10,9,400.0,0.0,0.0,0.0,0.0,356.451011126199,6.573488594469642,16.737978543764278,0.3885987659100685,5.302629315882629,400.0,3.039913423851383,1.5199567119256916,1
130,10,10,400.0,0.0,0.0,0.0,0.0,70.87444906747966,7.609828224412319,14.766236623651103,0.4212968642120988,8.020733836204363,400.0,4.43166378231428,2.21583189115714,1
131,10,11,400.0,0.0,0.0,0.0,0.0,33.422956903236354,4.510037896468518,14.76588922959787,0.4301800752245517,5.3289197495160705,400.0,3.094639949982587,1.5473199749912936,1
132,10,12,400.0,0.0,0.0,0.0,0.0,148.43719432761267,8.096593917780867,17.453298411619517,0.438199863708403,7.841756513678975,400.0,4.35907812054789,2.179539060273945,1
133,10,13,400.0,0.0,0.0,0.0,0.0,275.43907222706594,4.850664480992721,14.734269069039334,0.3778039517533788,4.442050832710919,400.0,2.5988293681088384,1.2994146840544192,1
134,10,14,400.0,0.0,0.0,0.0,0.0,314.2357471606489,6.2399774782373685,14.898252004642544,0.3726732424549341,5.287694605360575,400.0,3.0165205451352217,1.5082602725676109,1
135,10,15,400.0,0.0,0.0,0.0,0.0,4.270900805542789,6.535290922950661,15.508301466180567,0.4468046967468115,7.503177069234316,400.0,4.198393231363969,2.099196615681985,1
136,10,16,400.0,0.0,0.0,0.0,0.0,12.616487710034178,6.051207543192268,17.35385603853214,0.4682832350117974,6.96280490789022,400.0,3.949685688956907,1.9748428444784536,1
137,10,17,400.0,0.0,0.0,0.0,0.0,172.1797441320051,4.643218121640062,15.838515890010616,0.4125403066193915,4.750618155585158,400.0,2.7878493844119707,1.3939246922059854,1
138,10,18,400.0,0.0,0.0,0.0,0.0,135.49414017281595,4.29418056211984,15.08591379703563,0.4108019783414083,4.6233246614843955,400.0,2.7224643090836063,1.3612321545418031,1
139,10,19,400.0,0.0,0.0,0.0,0.0,439.2655476942248,4.716733081500826,16.42453653981656,0.3706877744907683,3.684489402333794,400.0,2.212932475657665,1.1064662378288326,1
140,10,20,400.0,0.0,0.0,0.0,0.0,277.53473095840855,3.476821037770468,12.677345421927717,0.3511623394009362,3.391860102821333,400.0,2.0470923908116028,1.0235461954058014,1
141,10,21,400.0,0.0,0.0,0.0,0.0,332.20477083436225,3.6377838426866314,13.27232954752298,0.3486765231636656,3.3268697976081456,400.0,2.0121114219677385,1.0060557109838693,1
142,10,22,400.0,0.0,0.0,0.0,0.0,530.3576183553873,4.220147779026028,13.1875076319652,0.3153578053260781,3.071506301725714,400.0,1.8511109561889352,0.9255554780944676,0
143,10,23,400.0,0.0,0.0,0.0,0.0,271.03967441702946,4.887364565903783,13.79514064428247,0.3666585165396754,4.4896232115917565,400.0,2.611470122335554,1.305735061167777,1
144,10,24,400.0,0.0,0.0,0.0,0.0,593.9208995221828,1.3667756712639394,12.683646343779143,0.2998699398233045,1.3068343069978885,400.0,0.9532870933222488,0.4766435466611244,0
145,10,25,400.0,0.0,0.0,0.0,0.0,45.785128855868386,5.334304036280335,14.347432322340246,0.42187043496692,6.0508261641904415,400.0,3.4472835170621408,1.7236417585310704,1
146,10,26,400.0,0.0,0.0,0.0,0.0,85.73240403102541,6.987934811637768,14.205920207221606,0.4107130377327549,7.331644558573936,400.0,4.076535317019723,2.0382676585098616,1
147,10,27,346.1071860790593,0.0,0.0,0.0,0.0,257.6884521678765,3.653022157008266,15.493285940872632,0.3908875547875494,3.5960228920282,346.1071860790593,2.1888990008016496,1.173503776209285,1
148,10,28,215.57867787939915,0.0,0.0,0.0,0.0,103.94421825958274,1.6498127533808655,14.703341281482938,0.4129185649898697,2.3882115016547054,215.57867787939915,1.6070243158172224,1.0442365036769918,1
149,11,4,301.5458716823026,0.0,0.0,0.0,0.0,244.9125690616264,4.41122234398768,12.170889515301276,0.3509814083042472,4.2357586062356685,301.5458716823026,2.4688607114220815,1.4076688701776656,1
150,11,5,400.0,89.0,150.0,1.6853932584269662,15465031.3,453.8134875169804,3.4208863548134816,12.304342001611204,24.3907245661721,2.8081522962016066,15465.0313,2196.56928710359,55.381404437660066,1
151,11,6,400.0,0.0,0.0,0.0,0.0,42.46161043483619,5.764847879561333,13.086983251109348,0.4065834032844889,6.4836146068390414,400.0,3.6483907067040096,1.8241953533520048,1
152,11,7,400.0,0.0,0.0,0.0,0.0,602.7427859812819,3.99743710706015,13.62023310328436,0.3106074205629501,2.7351394354339313,400.0,1.6781771382799158,0.8390885691399579,0
153,11,8,400.0,0.0,0.0,0.0,0.0,350.6735471673758,4.800900816106688,13.319702004791957,0.3459992453722458,4.085073298364239,400.0,2.3885358945543653,1.1942679472771829,1
154,11,9,400.0,0.0,0.0,0.0,0.0,112.09670388157568,2.8578032682663115,13.444884538694083,0.3950324959333247,3.4487133384672504,400.0,2.11938916516695,1.059694582583475,1
155,11,10,400.0,0.0,0.0,0.0,0.0,27.128109618753005,8.07685042749318,18.780508284753708,0.4829293123946535,8.833922618282154,400.0,4.8998906215357305,2.4499453107678653,1
156,11,11,400.0,147.0,278.0,1.891156462585034,13873180.3,90.38682297458676,5.271490384845688,16.99396554489582,43.89424443374846,5.729493912247985,13873.1803,6499.212923150896,182.13776569895623,1
157,11,12,400.0,0.0,0.0,0.0,0.0,388.6663882313701,4.783521918959421,16.242460039667566,0.3767273633835097,3.9209988790535264,400.0,2.3372268029102727,1.1686134014551364,1
158,11,13,400.0,0.0,0.0,0.0,0.0,582.9965271445074,4.917119363238426,14.424416429613435,0.3235966568142958,3.3030728744631515,400.0,1.9751330940458716,0.9875665470229358,0
159,11,14,400.0,0.0,0.0,0.0,0.0,255.01309162468385,4.455499649517191,13.814287439598674,0.3699828382815029,4.227501337808622,400.0,2.483733507185814,1.241866753592907,1
160,11,15,400.0,0.0,0.0,0.0,0.0,513.6671771899515,5.981264908784748,15.885733779365006,0.3522601693443984,4.176873257853164,400.0,2.4406967982709804,1.2203483991354902,0
161,11,16,400.0,0.0,0.0,0.0,0.0,359.6201161308412,6.416943003442755,19.13368341535853,0.4186116826191025,5.176591675520713,400.0,3.006907520379459,1.5034537601897295,1
162,11,17,400.0,116.0,210.0,1.8103448275862069,6031857.4,370.4139287727859,3.9465645545571575,17.80984206840272,33.56660845702865,3.4153479531314663,6031.857400000001,3929.0008634489177,244.34626697096343,1
163,11,18,400.0,0.0,0.0,0.0,0.0,54.30528083769501,6.600097104072148,17.9068887695583,0.46525940769661,7.198378146553103,400.0,4.064448480973161,2.0322242404865807,1
164,11,19,400.0,0.0,0.0,0.0,0.0,32.24204360382838,5.482135894341924,16.073592226233398,0.4471507273682275,6.276471915851418,400.0,3.5853866852939364,1.7926933426469682,1
165,11,20,400.0,0.0,0.0,0.0,0.0,0.5949454150072764,5.163782835219374,15.022945503448843,0.4415288048235429,6.160116811532587,400.0,3.5215872105898365,1.7607936052949182,1
166,11,21,400.0,0.0,0.0,0.0,0.0,131.29050502283772,6.1855527987414405,14.999442901527672,0.410618371465685,6.3014637610814805,400.0,3.5613502520064255,1.7806751260032128,1
167,11,22,400.0,84.0,168.0,2.0,16689142.2,215.6663239336692,4.195355607517389,13.894213122013864,27.133705010478614,4.1874784470087345,16689.1422,2308.4586651141863,54.033342062404664,1
168,11,23,400.0,0.0,0.0,0.0,0.0,571.194312886639,2.856570736178322,13.239568871712825,0.3101360328107402,2.178385629198929,400.0,1.3993288474102048,0.6996644237051024,0
169,11,24,400.0,0.0,0.0,0.0,0.0,173.8339764177772,7.294974394787719,14.8299828843727,0.3993245948699597,6.971398570586131,400.0,3.8850238801630255,1.9425119400815127,1
170,11,25,400.0,0.0,0.0,0.0,0.0,376.8874212031974,6.629024412235324,14.630826065327687,0.3581727764023676,5.233459615920871,400.0,2.9749025843628027,1.4874512921814014,1
171,11,26,400.0,0.0,0.0,0.0,0.0,340.06856426641053,3.189325565074084,13.891280333091018,0.3551689815812973,2.9816331691109115,400.0,1.845985566136753,0.9229927830683764,1
172,11,27,400.0,0.0,0.0,0.0,0.0,406.3376879658578,3.0856528478702447,13.738486530836562,0.3418104076660702,2.7213928962909524,400.0,1.7025068558115464,0.8512534279057732,1
173,11,28,400.0,38.0,71.0,1.868421052631579,2302458.8,197.5687233405822,4.669961393838835,15.3207757962726,12.33290501849734,4.65347189706555,2302.4588,483.31003166992906,71.5363404126537,1
174,11,29,268.8994467994758,0.0,0.0,0.0,0.0,619.6029262988255,0.3144426362735649,14.683188583717309,0.3218820652888073,0.7073779301356091,268.8994467994758,0.6755710303566118,0.4039895883239598,0
175,11,30,118.17063776968122,0.0,0.0,0.0,0.0,341.9556146395508,1.1117430056718332,15.041248042984764,0.3695059523379729,1.500139435638063,118.17063776968122,1.1195756701570043,0.8642524979615986,1
176,12,3,54.87711659226612,0.0,0.0,0.0,0.0,294.7612189018803,1.3008008877667312,14.415894486286025,0.3701094909013845,1.7134280227938974,54.87711659226612,1.2268235022983331,1.0788175158065902,1
177,12,4,400.0,0.0,0.0,0.0,0.0,393.4488632950414,3.1837393728674765,12.344114389040588,0.3261797929467107,2.822876978814598,400.0,1.73761828235401,0.868809141177005,1
178,12,5,400.0,0.0,0.0,0.0,0.0,223.9281281674213,5.408894665200913,12.14214135301702,0.354764513721173,5.123094693446757,400.0,2.9163118604445515,1.4581559302222755,1
179,12,6,400.0,0.0,0.0,0.0,0.0,28.48718456672824,4.408588288506955,14.010204123126137,0.4217346349099981,5.256686731978215,400.0,3.0500780008991057,1.5250390004495529,1
180,12,7,400.0,0.0,0.0,0.0,0.0,83.9752169840372,3.678486882520791,13.419169424952548,0.4010784568818454,4.301653677651392,400.0,2.551905295707541,1.2759526478537706,1
181,12,8,400.0,0.0,0.0,0.0,0.0,32.87880111001904,3.984479304434844,12.10351933896193,0.3963425477788342,4.823260464905247,400.0,2.8079727802314576,1.4039863901157288,1
182,12,9,400.0,0.0,0.0,0.0,0.0,293.57651709139805,3.961921096941023,14.964763320338578,0.377333194026343,3.699569518717543,400.0,2.227117953385114,1.113558976692557,1
183,12,10,400.0,0.0,0.0,0.0,0.0,3.10421079065703,5.995853779420014,17.71019176502674,0.4751891752098517,6.974170846237277,400.0,3.96227459832849,1.981137299164245,1
184,12,11,400.0,0.0,0.0,0.0,0.0,338.8626598730834,6.651627645414456,19.148176083778157,0.4224563182795742,5.4523991860996075,400.0,3.148655911329378,1.574327955664689,1
185,12,12,400.0,0.0,0.0,0.0,0.0,70.8764693967358,5.132189054604514,16.744161240480565,0.446532699019307,5.712606057773712,400.0,3.302835727906163,1.6514178639530814,1
186,12,13,400.0,0.0,0.0,0.0,0.0,77.14593410370466,7.653645332621022,16.67559228349499,0.4442022742242208,8.0111532244076,400.0,4.449778886428021,2.2248894432140105,1
187,12,14,400.0,0.0,0.0,0.0,0.0,12.954492489526832,5.460963689384014,16.21043191574238,0.453610879095387,6.377804986156404,400.0,3.642513372173589,1.8212566860867945,1
188,12,15,400.0,0.0,0.0,0.0,0.0,426.05434609454704,4.454074008103347,18.42804088317163,0.3983932610763195,3.56195128242654,400.0,2.1793689022895895,1.0896844511447947,1
189,12,16,400.0,0.0,0.0,0.0,0.0,74.17156716969816,6.53031899969093,18.694410874335855,0.4706497533924591,6.9919944010066875,400.0,3.9666469538958022,1.9833234769479011,1
190,12,17,400.0,0.0,0.0,0.0,0.0,365.8151121811093,2.4578040926365876,16.026745817117522,0.3778927257749784,2.398440225669074,400.0,1.5771128386095157,0.7885564193047577,1
191,12,18,400.0,0.0,0.0,0.0,0.0,540.8018430712566,4.882658815581309,13.241663230882017,0.3145204395692907,3.425361440288599,400.0,2.02720115971359,1.013600579856795,0
192,12,19,400.0,0.0,0.0,0.0,0.0,597.7153666356301,3.836628640572401,11.691346148373905,0.2866864051884778,2.6604693364814884,400.0,1.616921073429222,0.808460536714611,0
193,12,20,400.0,0.0,0.0,0.0,0.0,268.8152024767368,4.506499548179301,13.550213018704577,0.3639580492404699,4.2085321464317795,400.0,2.46822412245636,1.23411206122818,1
194,12,21,400.0,0.0,0.0,0.0,0.0,148.357296552898,2.7326221347572224,13.598618221503717,0.3890352868305989,3.2179794909271977,400.0,1.9980250322941977,0.9990125161470989,1
195,12,22,400.0,0.0,0.0,0.0,0.0,234.3203520056426,2.988903249105948,13.601990235609966,0.3713246392573852,3.155654636409924,400.0,1.9491519574623473,0.9745759787311736,1
196,12,23,400.0,0.0,0.0,0.0,0.0,548.5733040586151,3.749069220889862,14.231681785097829,0.3260251595504811,2.7438864869809776,400.0,1.69796840304097,0.8489842015204849,0
197,12,24,400.0,0.0,0.0,0.0,0.0,170.8087717606511,5.225737311766089,15.85002838415012,0.4129759228830129,5.248189223156179,400.0,3.0370705344611024,1.5185352672305512,1
198,12,25,400.0,0.0,0.0,0.0,0.0,297.86430156077625,2.4831603271174516,14.336653652014556,0.3685216302315169,2.5859054569026214,400.0,1.6614743586828276,0.8307371793414138,1
199,12,26,400.0,0.0,0.0,0.0,0.0,245.72713096793225,2.4179874525616323,14.857700298404136,0.3851030403815775,2.6733297230525994,400.0,1.721767901907877,0.8608839509539385,1
200,12,27,400.0,0.0,0.0,0.0,0.0,35.23684052010972,2.819498206110219,15.810558921760984,0.4430708298779412,3.6872547604472934,400.0,2.286698210101588,1.143349105050794,1
201,12,28,400.0,0.0,0.0,0.0,0.0,356.66306123109985,6.275679114672253,15.275542754817891,0.3699024603061495,5.093035898967563,400.0,2.916420409789931,1.4582102048949654,1
202,12,29,400.0,0.0,0.0,0.0,0.0,287.21325934408225,5.069342083619316,14.380697074689364,0.37107098362218,4.554141103368641,400.0,2.6481415353065008,1.3240707676532504,1
203,12,30,303.914046677788,0.0,0.0,0.0,0.0,401.80031309792423,1.700716799447008,13.10813542740132,0.334525055354361,1.807088354241443,303.914046677788,1.2380692324750826,0.7035343240091929,1
204,13,3,131.23698480464518,0.0,0.0,0.0,0.0,203.32645593576623,2.6021485915511477,13.68106322711514,0.3785593961343795,2.9393957778180124,131.23698480464518,1.8482572850433856,1.3916631092415794,1
205,13,4,400.0,0.0,0.0,0.0,0.0,71.7540868683633,2.989438205775707,13.430638777495128,0.4040512219136529,3.7132085218742272,400.0,2.2606554828507663,1.1303277414253832,1
206,13,5,400.0,0.0,0.0,0.0,0.0,140.6157337285011,4.57648087404422,13.02982801364528,0.3834531227558697,4.844975438981217,400.0,2.8059408422464784,1.4029704211232392,1
207,13,6,400.0,0.0,0.0,0.0,0.0,305.43410346493874,5.312735835150348,12.139195125684184,0.3390846406953504,4.651245580308969,400.0,2.664707430849835,1.3323537154249174,1
208,13,7,400.0,0.0,0.0,0.0,0.0,2.463375632490045,5.8179797108786415,11.833168082418496,0.4003640970339042,6.801205135319041,400.0,3.8009666646934246,1.9004833323467123,1
209,13,8,400.0,0.0,0.0,0.0,0.0,339.86737970968954,3.4276054916835603,10.866449679405406,0.3166110210209889,3.1518561622439436,400.0,1.8925391021429607,0.9462695510714804,1
210,13,9,400.0,0.0,0.0,0.0,0.0,408.8702161339962,4.4672435593327,15.820458354657156,0.3679530631523371,3.6324391094365223,400.0,2.1841726178705985,1.0920863089352992,1
211,13,10,400.0,0.0,0.0,0.0,0.0,2.725758589222695,3.5292288627458555,13.070384440824926,0.4160842929809096,4.516900088535088,400.0,2.6745343372484536,1.3372671686242268,1
212,13,11,400.0,0.0,0.0,0.0,0.0,78.95108121223063,6.891487791766568,17.639983042464618,0.4560895148993132,7.29240650982429,400.0,4.102292769811458,2.051146384905729,1
213,13,12,400.0,0.0,0.0,0.0,0.0,174.5653247278712,7.438805454468684,15.738759060003604,0.4107660473184891,7.087094400916546,400.0,3.9543132477767617,1.9771566238883809,1
214,13,13,400.0,0.0,0.0,0.0,0.0,439.6998254242864,4.815021985019288,16.26649215660597,0.3686013301398749,3.746210296078933,400.0,2.241706478179341,1.1208532390896706,1
215,13,14,400.0,0.0,0.0,0.0,0.0,105.22145510057484,6.463877419860913,19.02401938110764,0.4677584188393515,6.718423880686634,400.0,3.8269703591826687,1.9134851795913344,1
216,13,15,400.0,0.0,0.0,0.0,0.0,335.68825781316605,4.553775001010743,19.125435156009864,0.422732569801698,3.9700933929289937,400.0,2.407779266266195,1.2038896331330975,1
217,13,16,400.0,0.0,0.0,0.0,0.0,184.71113610646196,6.972570174112693,16.434848713770247,0.4175280437580738,6.627951524400968,400.0,3.731503805958558,1.865751902979279,1
218,13,17,400.0,0.0,0.0,0.0,0.0,415.3478639214457,3.931728645680347,12.800991375030245,0.3283552763959217,3.255486414983916,400.0,1.95609848388788,0.97804924194394,1
219,13,18,400.0,0.0,0.0,0.0,0.0,243.46312448777235,3.433603007556022,15.299109826572458,0.3911781683037826,3.475538562399884,400.0,2.1289474495037246,1.0644737247518623,1
220,13,19,400.0,0.0,0.0,0.0,0.0,232.28068403242236,6.068224371252248,14.717896312202887,0.3859662764915755,5.6031481788826465,400.0,3.187540365932899,1.5937701829664497,1
221,13,20,400.0,0.0,0.0,0.0,0.0,133.6594804380267,4.891221355696127,13.244589089108969,0.3877094613742418,5.1541584590640115,400.0,2.9647886909062473,1.4823943454531237,1
222,13,21,400.0,0.0,0.0,0.0,0.0,303.88724387221816,3.319365287007347,14.200493146452988,0.3656698591804447,3.187449997445289,400.0,1.959394857903089,0.9796974289515444,1
223,13,22,400.0,0.0,0.0,0.0,0.0,150.93384488975477,6.301674074573977,14.826529507491728,0.4041475746749551,6.278743006578669,400.0,3.5435190779642896,1.7717595389821448,1
224,13,23,400.0,0.0,0.0,0.0,0.0,311.2703301399067,2.9252053875956037,12.967500809689014,0.3485810713136299,2.8752750745454914,400.0,1.7862186085863756,0.8931093042931878,1
225,13,24,400.0,0.0,0.0,0.0,0.0,206.58241589374347,5.410398980252627,16.861224187047856,0.4184718685123517,5.213957146308183,400.0,3.025450441666443,1.5127252208332216,1
226,13,25,400.0,0.0,0.0,0.0,0.0,212.65455147007967,4.93729563151474,16.739866376620288,0.4156925005539527,4.799919741930385,400.0,2.8156523715191453,1.4078261857595726,1
227,13,26,400.0,0.0,0.0,0.0,0.0,248.07440796517128,4.8396562483180565,17.04507871294121,0.4125533290372143,4.55669475170183,400.0,2.6909007048881293,1.3454503524440646,1
228,13,27,400.0,0.0,0.0,0.0,0.0,235.04937557230545,4.13803245900227,16.073506486694715,0.402714539939158,4.061778128962469,400.0,2.4336036044203926,1.2168018022101963,1
229,13,28,400.0,0.0,0.0,0.0,0.0,391.9697596562374,4.520930763577278,14.871558602964669,0.3586770910941245,3.730628443621761,400.0,2.223991312905005,1.1119956564525024,1
230,13,29,400.0,0.0,0.0,0.0,0.0,164.4055378465381,5.723976000439014,16.58888460493484,0.423756760004473,5.704607082459074,400.0,3.2760603012340104,1.6380301506170052,1
231,13,30,400.0,0.0,0.0,0.0,0.0,446.6097326369343,4.744993591201198,15.282046973923144,0.3549317555618561,3.675609845015259,400.0,2.1927366780694855,1.0963683390347427,1
232,13,31,191.1895467561692,0.0,0.0,0.0,0.0,470.19209452456903,1.0474788012510108,13.80203167689329,0.3323204340181772,1.2794330993424423,191.1895467561692,0.9720369836893984,0.657682118381776,1
233,14,3,206.46807810638612,0.0,0.0,0.0,0.0,523.4339015748266,0.6440585526813998,12.360578306516013,0.3058290318205698,0.9740759610831644,206.46807810638612,0.7928670123621522,0.5229406400665119,0
234,14,4,400.0,0.0,0.0,0.0,0.0,13.430096531335057,5.138264633062507,13.071905251822354,0.4134491299625674,6.056378248331162,400.0,3.4416382541281485,1.7208191270640742,1
235,14,5,400.0,0.0,0.0,0.0,0.0,365.7231531200606,5.339587555319808,12.565676658425804,0.3337489525187697,4.397739059951296,400.0,2.5326184824944176,1.2663092412472088,1
236,14,6,400.0,0.0,0.0,0.0,0.0,185.52537652810128,5.613319709573206,12.349581294589573,0.365235029073254,5.493471441868488,400.0,3.1119707500074982,1.5559853750037491,1
237,14,7,400.0,0.0,0.0,0.0,0.0,513.6018557815763,3.8479236804849144,11.345296793513828,0.2943385845821905,2.900690030925641,400.0,1.7446836000450112,0.8723418000225056,0
238,14,8,400.0,0.0,0.0,0.0,0.0,226.05512004395064,3.119031982911577,14.109984642058087,0.3794475785541241,3.2856452642057055,400.0,2.022270210656977,1.0111351053284885,1
239,14,9,400.0,0.0,0.0,0.0,0.0,103.67773548097124,4.0868860000468015,16.847954796420204,0.4403417026397331,4.585907985663423,400.0,2.7332956954714445,1.3666478477357222,1
240,14,10,400.0,0.0,0.0,0.0,0.0,278.9417727457586,5.844921953179571,17.677675189504846,0.4146951351579699,5.178758128060308,400.0,3.004074199188124,1.502037099594062,1
241,14,11,400.0,0.0,0.0,0.0,0.0,106.96347367665597,5.28303020300849,18.115096938830835,0.4557698259718139,5.645670153384033,400.0,3.2786049026638304,1.6393024513319152,1
242,14,12,400.0,0.0,0.0,0.0,0.0,196.0622532952537,5.1694041433656714,16.866376691026453,0.4206880688032027,5.071009989612277,400.0,2.956193063609341,1.4780965318046706,1
243,14,13,400.0,0.0,0.0,0.0,0.0,11.14475656959516,7.258018442400035,17.665850576252964,0.4726275552322531,8.16649578329071,400.0,4.555875446877608,2.277937723438804,1
244,14,14,400.0,0.0,0.0,0.0,0.0,23.945185395085055,3.744783029622831,15.19514920056602,0.4379594473629947,4.632517790395651,400.0,2.7542183425608204,1.3771091712804102,1
245,14,15,400.0,0.0,0.0,0.0,0.0,304.0164002937093,6.926224990073029,17.67930489870017,0.4100321310078848,5.848355323326075,400.0,3.334209792670922,1.667104896335461,1
246,14,16,400.0,0.0,0.0,0.0,0.0,203.4491029385989,4.099020788926936,19.405048346445884,0.451566602586376,4.160350877152799,400.0,2.5317420411627753,1.2658710205813877,1
247,14,17,400.0,0.0,0.0,0.0,0.0,76.41557580117129,2.7769068637465706,16.57965096988176,0.4431472556028955,3.4990440717522433,400.0,2.1926692914790173,1.096334645739509,1
248,14,18,400.0,0.0,0.0,0.0,0.0,18.349813926794766,5.364076558959345,19.106542585440625,0.4892344198575149,6.248361856807682,400.0,3.613415348261355,1.8067076741306776,1
249,14,19,400.0,0.0,0.0,0.0,0.0,76.05105410028443,5.923218505533509,17.36201846047684,0.453213910080079,6.416223529598601,400.0,3.66132567487938,1.8306628374396896,1
250,14,20,400.0,0.0,0.0,0.0,0.0,214.2403450329471,3.5449486129807157,14.744027702083365,0.3899073811698748,3.668475116963635,400.0,2.224144939651693,1.1120724698258464,1
251,14,21,400.0,0.0,0.0,0.0,0.0,105.12617413518647,7.524974363224623,15.811514036706935,0.4267915619817057,7.674275117514763,400.0,4.263929120739087,2.1319645603695436,1
252,14,22,400.0,0.0,0.0,0.0,0.0,290.4821917125769,7.165317749874524,15.337517390822809,0.3826668261242222,6.106864400465833,400.0,3.4360990263571387,1.7180495131785694,1
253,14,23,400.0,0.0,0.0,0.0,0.0,269.7861813680308,5.7730831552992985,17.458243526978258,0.4136351056448244,5.171538447260981,400.0,2.9994043292753148,1.4997021646376574,1
254,14,24,400.0,0.0,0.0,0.0,0.0,207.7074257002394,4.320944018400887,16.31154400389097,0.4112298780959307,4.322972779424736,400.0,2.572716267808299,1.2863581339041494,1
255,14,25,400.0,0.0,0.0,0.0,0.0,56.62733882002662,4.641954253335835,15.908525734587952,0.4392131366308007,5.331342941737016,400.0,3.104884607499309,1.5524423037496544,1
256,14,26,400.0,0.0,0.0,0.0,0.0,15.155039855830786,5.436108016186787,15.393715770272484,0.4426479531989501,6.339303930359161,400.0,3.6122999183785303,1.8061499591892656,1
257,14,27,400.0,0.0,0.0,0.0,0.0,239.5562260303741,2.296208894939576,13.823471119650351,0.3731176802915488,2.5940406649867835,400.0,1.6701380127849406,0.8350690063924703,1
258,14,28,400.0,0.0,0.0,0.0,0.0,465.9149029876303,4.428853706434452,14.299065785183585,0.3393316997007145,3.406935152482523,400.0,2.042799275941976,1.021399637970988,1
259,14,29,400.0,0.0,0.0,0.0,0.0,442.97740380321727,3.142833039148728,15.037133974638598,0.3523889565030723,2.660203061991574,400.0,1.6824904874988595,0.8412452437494298,1
260,14,30,400.0,0.0,0.0,0.0,0.0,263.66382833898183,3.703261894045897,12.942899896406834,0.357196170195028,3.613195134369617,400.0,2.1637937373798364,1.0818968686899182,1
261,14,31,161.26101353171418,0.0,0.0,0.0,0.0,230.77751210462307,1.5825313128318417,10.898960727453233,0.3375386686341862,2.050313144380425,161.26101353171418,1.3626952408243986,0.9711668603166924,1
262,15,3,281.7344917466864,0.0,0.0,0.0,0.0,15.066874342740164,4.4532830954976,12.758972470415756,0.4090530206818735,5.3717350441478375,281.7344917466864,3.0949205427557924,1.815909613037903,1
263,15,4,400.0,0.0,0.0,0.0,0.0,106.08009146037617,5.723844049428219,12.289228487955896,0.3816362033962691,6.047106726870036,400.0,3.405189566831287,1.7025947834156434,1
264,15,5,400.0,0.0,0.0,0.0,0.0,411.6918985614689,2.4209198609924885,11.665807587535758,0.3144759260705128,2.266456461297932,400.0,1.4477041567194788,0.7238520783597394,1
265,15,6,400.0,0.0,0.0,0.0,0.0,409.8448220035093,2.367268793304522,10.526810752387853,0.3002497033949226,2.235035578387236,400.0,1.4177674925885406,0.7088837462942703,1
266,15,7,400.0,0.0,0.0,0.0,0.0,368.8459292214196,3.8642638188241305,12.653441919220818,0.3343280292429044,3.363793829880923,400.0,2.016224944183366,1.008112472091683,1
267,15,8,400.0,0.0,0.0,0.0,0.0,391.32897215856354,5.052323275904125,16.85697492635151,0.3841172666270255,4.0923248793416835,400.0,2.4302797062978674,1.2151398531489337,1
268,15,9,400.0,0.0,0.0,0.0,0.0,382.10950994140467,2.801662652413377,15.61477291862867,0.3698336918281221,2.594331833544001,400.0,1.6669996086001226,0.8334998043000613,1
269,15,10,400.0,0.0,0.0,0.0,0.0,386.2309623262856,3.28256334990075,17.421079516410828,0.3921786321589512,2.910488048896984,400.0,1.847422656607443,0.9237113283037216,1
270,15,11,400.0,0.0,0.0,0.0,0.0,112.1905228438268,6.907761746999697,18.115694717182752,0.4546063141258581,7.06854213253878,400.0,3.988877380395248,1.994438690197624,1
271,15,12,400.0,0.0,0.0,0.0,0.0,321.7572338233958,5.400578534555756,16.181350634809125,0.387676103572355,4.639613885673198,400.0,2.707483046408954,1.353741523204477,1
272,15,13,400.0,0.0,0.0,0.0,0.0,2.7210509306398136,5.09204407031872,14.512602854798706,0.4344867060235223,6.075489840796626,400.0,3.4722316264218356,1.7361158132109178,1
273,15,14,400.0,0.0,0.0,0.0,0.0,52.788253460173614,2.926299330447673,11.816397505196912,0.3879104200205525,3.724412355959369,400.0,2.250116598000237,1.1250582990001186,1
274,15,15,400.0,0.0,0.0,0.0,0.0,174.62201725844662,3.1879174101897374,12.038900314770908,0.3635477122166551,3.51690575086268,400.0,2.122000587647995,1.0610002938239975,1
275,15,16,400.0,0.0,0.0,0.0,0.0,134.30996952740657,5.487870040646651,18.43345451825543,0.4537718739467328,5.672468113190247,400.0,3.2900059305418563,1.6450029652709282,1
276,15,17,400.0,0.0,0.0,0.0,0.0,136.41104290242194,8.049823379614148,18.552193711504053,0.4548280952459288,7.895825472085306,400.0,4.402740831288582,2.201370415644291,1
277,15,18,400.0,0.0,0.0,0.0,0.0,74.35566189045697,5.776566008551728,16.52562295031129,0.4429354968651929,6.290967178373243,400.0,3.588419086051814,1.794209543025907,1
278,15,19,400.0,0.0,0.0,0.0,0.0,44.784374162797626,6.471603361210866,16.656966334372235,0.4515768503818603,7.144374344197442,400.0,4.023764022480582,2.011882011240291,1
279,15,20,400.0,0.0,0.0,0.0,0.0,181.1159294839362,5.581252466226154,17.029530437038876,0.4258641359088637,5.490993157420007,400.0,3.171360714618867,1.5856803573094336,1
280,15,21,400.0,0.0,0.0,0.0,0.0,129.02734505885476,7.233892696485671,16.214219850754876,0.4266144279153047,7.237179411504043,400.0,4.045204133667326,2.022602066833663,1
281,15,22,400.0,0.0,0.0,0.0,0.0,429.323337330899,6.3193704117091904,14.118048368728722,0.342869285071025,4.7645399162327315,400.0,2.72513924318739,1.362569621593695,1
282,15,23,400.0,0.0,0.0,0.0,0.0,227.46339555755776,6.480567447787173,14.55930432886408,0.3848998019374789,5.958657807041573,400.0,3.364228705458266,1.682114352729133,1
283,15,24,400.0,0.0,0.0,0.0,0.0,370.67947288830743,4.743442054276402,13.773600926359604,0.3483034201983992,3.964497918684782,400.0,2.3305523795407903,1.1652761897703952,1
284,15,25,400.0,0.0,0.0,0.0,0.0,255.30847405472863,6.074515143575109,16.044359570358232,0.3983790743192295,5.480467656974732,400.0,3.138612902806596,1.569306451403298,1
285,15,26,400.0,0.0,0.0,0.0,0.0,260.0491824998837,4.626507573693033,14.09861882043347,0.3726374452040385,4.3381142226826785,400.0,2.541694556545378,1.270847278272689,1
286,15,27,400.0,0.0,0.0,0.0,0.0,405.9773377360101,5.526688049026167,14.45924492886192,0.3510665681667807,4.348897161415426,400.0,2.5255151488744936,1.2627575744372468,1
287,15,28,400.0,0.0,0.0,0.0,0.0,117.32649945811995,6.191809253757683,14.995728498662425,0.4136539335292323,6.395638510759644,400.0,3.6114731889090543,1.8057365944545272,1
288,15,29,400.0,0.0,0.0,0.0,0.0,227.11681609539212,3.068148345728322,13.369089540847453,0.3697829014971201,3.2416132674270903,400.0,1.9905895352106653,0.9952947676053326,1
289,15,30,390.3963334489771,0.0,0.0,0.0,0.0,6.438158066173899,6.1523215512394,14.839113924954388,0.4377276236876071,7.106421688383763,390.3963334489771,3.990938467879489,2.0197150715335996,1
290,15,31,96.06866125839952,0.0,0.0,0.0,0.0,572.1228956972016,0.5937343389881514,11.416797238317402,0.2867482549246927,0.8993859805385492,96.06866125839952,0.7364412451939673,0.5938220272377649,0
291,16,2,66.25800008882806,0.0,0.0,0.0,0.0,42.633244642905,1.8463278683639548,12.190249346603046,0.395100870002453,2.727530037807131,66.25800008882806,1.7588658889060187,1.508920716488238,1
292,16,3,371.9761959729546,0.0,0.0,0.0,0.0,317.19424739916633,5.047604327953906,12.815802176170587,0.3455639172507041,4.403800716956815,371.9761959729546,2.5474642757291117,1.319970376816313,1
293,16,4,400.0,0.0,0.0,0.0,0.0,416.0643593425918,5.09923706806813,12.796838288321908,0.328184088027695,4.0232874143458925,400.0,2.3398277952006414,1.1699138976003207,1
294,16,5,400.0,0.0,0.0,0.0,0.0,290.56833421752043,3.904835434524776,15.46279765923082,0.3842491689986383,3.668024404338465,400.0,2.2182613711678707,1.1091306855839351,1
295,16,6,400.0,0.0,0.0,0.0,0.0,111.11231827408464,4.675185975944822,16.935674776807865,0.4397915351828732,5.078373411080909,400.0,2.9789782407233276,1.4894891203616638,1
296,16,7,400.0,0.0,0.0,0.0,0.0,383.8333540348841,2.9244268546898593,15.501360620797415,0.3680928231030663,2.6734959545896286,400.0,1.7048408003978808,0.8524204001989404,1
297,16,8,400.0,0.0,0.0,0.0,0.0,397.9240445909681,3.9017233159060702,16.055388118614232,0.3727786755649371,3.2925514989979927,400.0,2.0190544250639335,1.0095272125319668,1
298,16,9,400.0,0.0,0.0,0.0,0.0,143.2832563489698,4.953218252979129,16.20668785053271,0.423407992205063,5.158514754772923,400.0,3.0026653695915244,1.5013326847957622,1
299,16,10,400.0,0.0,0.0,0.0,0.0,292.5330803422343,4.898016207666476,18.516759509231612,0.4228476468806647,4.4021056269774705,400.0,2.6239004603694,1.3119502301847,1
300,16,11,400.0,0.0,0.0,0.0,0.0,307.60831288916086,6.357425089769871,18.003957478720466,0.413512984013786,5.409202699670998,400.0,3.118114333849285,1.5590571669246425,1
301,16,12,400.0,0.0,0.0,0.0,0.0,38.045339845961145,4.965050771901472,16.990144497634454,0.4574442773975564,5.742371207054217,400.0,3.328629880924665,1.6643149404623323,1
302,16,13,400.0,0.0,0.0,0.0,0.0,342.6386477155068,5.239663675466121,14.927155094188556,0.3679289806186917,4.429504093660926,400.0,2.5826810274491545,1.2913405137245773,1
303,16,14,400.0,0.0,0.0,0.0,0.0,367.7706431566441,4.302917480202318,14.550074116867265,0.3587131246793065,3.671082192398428,400.0,2.1942542208785207,1.0971271104392604,1
304,16,15,400.0,0.0,0.0,0.0,0.0,259.63070671623575,5.2875384131281224,15.382447726196713,0.3890984751056716,4.849807134784053,400.0,2.814002042497698,1.407001021248849,1
305,16,16,400.0,0.0,0.0,0.0,0.0,434.16741358425344,4.54516598275997,13.85849582247528,0.338771252794565,3.592179568931366,400.0,2.1348610372602477,1.0674305186301238,1
306,16,17,400.0,0.0,0.0,0.0,0.0,355.49307583593287,6.3971744564482,16.670471806623784,0.3879052051974455,5.184145476479759,400.0,2.979977943437325,1.4899889717186623,1
307,16,18,400.0,0.0,0.0,0.0,0.0,138.13685385118234,6.433469143796758,15.597010012946011,0.4167468475744769,6.474399139205623,400.0,3.6539464171772886,1.8269732085886443,1
308,16,19,400.0,0.0,0.0,0.0,0.0,142.8289290097505,6.436814636208386,14.373583461215466,0.4001178876013938,6.4469921445542955,400.0,3.6236139598785417,1.8118069799392709,1
309,16,20,400.0,0.0,0.0,0.0,0.0,159.44348611744232,7.183182650039515,14.727258495180404,0.4010593693124563,6.977130058710259,400.0,3.8896243986675856,1.9448121993337928,1
310,16,21,400.0,0.0,0.0,0.0,0.0,317.05124149176385,7.068146457809641,14.10873595027276,0.3620864721943477,5.8759781004834295,400.0,3.3000755224360625,1.6500377612180313,1
311,16,22,400.0,0.0,0.0,0.0,0.0,163.03424641725917,7.266847135315938,13.051505978693042,0.3789144581504299,7.023199958580031,400.0,3.8905144374404457,1.9452572187202228,1
312,16,23,400.0,0.0,0.0,0.0,0.0,141.9439079352883,6.2336620635861495,13.82851970559101,0.3933553203642391,6.276431016704207,400.0,3.531570828716343,1.7657854143581715,1
313,16,24,400.0,0.0,0.0,0.0,0.0,6.091044775070914,5.846427307973402,13.72237421824918,0.4235653978400445,6.804852159276673,400.0,3.825991477478381,1.9129957387391905,1
314,16,25,400.0,0.0,0.0,0.0,0.0,74.03779062181749,6.952853133910874,13.687604367916968,0.4067990527803767,7.385310489990606,400.0,4.099454297775679,2.0497271488878397,1
315,16,26,375.35334417145896,0.0,0.0,0.0,0.0,436.07511384133016,4.8829922613342065,13.917363368719815,0.3392136834214166,3.803761351862223,375.35334417145896,2.2410943593525285,1.1561667341474395,1
316,16,27,377.3991084459282,0.0,0.0,0.0,0.0,123.17859624414044,5.474969477346148,13.36439340282535,0.391542497539936,5.724557749191806,377.3991084459282,3.253821372135839,1.674208954852259,1
317,16,28,400.0,0.0,0.0,0.0,0.0,572.6624755901438,4.422497549926994,13.302608313659826,0.3107331809745071,3.0584065232499698,400.0,1.839936442599492,0.919968221299746,0
318,16,29,280.84860850561324,0.0,0.0,0.0,0.0,597.1128748405516,3.933982712720778,13.90650731548667,0.3150324851466174,2.715656257252043,280.84860850561324,1.672860613772639,0.9828091548541936,0
319,16,30,129.5903645684227,0.0,0.0,0.0,0.0,162.97806548899757,1.4468747292792232,13.035116483183469,0.3787172774979889,2.0788888080593004,129.5903645684227,1.4181616815276392,1.0711385828806286,1
320,17,1,49.47793073822102,0.0,0.0,0.0,0.0,207.9074246627912,0.5022803019235818,8.474035948514938,0.3111906329690789,1.2202755945318835,49.47793073822102,0.9213284302350206,0.8199098262482735,0
321,17,2,375.5490547348383,0.0,0.0,0.0,0.0,365.20422203256993,4.933969782630017,12.91528392131512,0.3382996037318277,4.118500775023211,375.5490547348383,2.3975499912434333,1.236569099842774,1
322,17,3,400.0,0.0,0.0,0.0,0.0,75.83156067870681,5.479180896966969,14.37428027627747,0.4151442717386551,6.006021425515478,400.0,3.418154984496394,1.709077492248197,1
323,17,4,400.0,0.0,0.0,0.0,0.0,153.19923348552211,5.527264383098831,15.259153207143148,0.4091809595365091,5.6001237259357595,400.0,3.2092428225043887,1.6046214112521944,1
324,17,5,400.0,0.0,0.0,0.0,0.0,118.41916171095258,6.222223785376809,18.129976150236633,0.4534009520397407,6.4156720014263,400.0,3.6612369527528905,1.8306184763764453,1
325,17,6,400.0,0.0,0.0,0.0,0.0,136.01750626110135,5.036355704203516,17.51765327225762,0.4417142675038996,5.2686963675136695,400.0,3.0760624512607344,1.5380312256303672,1
326,17,7,400.0,0.0,0.0,0.0,0.0,136.62262788513695,4.808223453766912,17.196272935783654,0.43748177972059,5.066509517103691,400.0,2.9707365382724356,1.4853682691362178,1
327,17,8,400.0,0.0,0.0,0.0,0.0,313.24353838382973,5.909585396557713,18.555566388153963,0.4195181062641415,5.051403356696576,400.0,2.9452197846124295,1.4726098923062148,1
328,17,9,400.0,0.0,0.0,0.0,0.0,93.85327316029456,4.831234992709505,18.41538426715728,0.462565647083168,5.308851590311223,400.0,3.116991442238779,1.5584957211193895,1
329,17,10,400.0,0.0,0.0,0.0,0.0,379.60948267946185,5.257927511897454,18.92788216777125,0.4125326453000564,4.281226693802914,400.0,2.5531459922015136,1.2765729961007568,1
330,17,11,400.0,0.0,0.0,0.0,0.0,326.63552291711244,3.5943250839229983,16.995858709017437,0.3971865141206442,3.3141008218944776,400.0,2.054236925067883,1.0271184625339416,1
331,17,12,400.0,0.0,0.0,0.0,0.0,581.5555778917895,7.196665473309579,17.858880110825712,0.3676181561513971,4.582166146544608,400.0,2.658701229423701,1.3293506147118506,0
332,17,13,400.0,0.0,0.0,0.0,0.0,8.17856400855891,7.0205921407054515,18.02620822302687,0.4779597704201207,7.955262729034328,400.0,4.4555911349372845,2.2277955674686423,1
333,17,14,400.0,0.0,0.0,0.0,0.0,176.34221735001302,5.21833967918941,17.219270094444877,0.4292831243969849,5.21302718782626,400.0,3.035796718310115,1.5178983591550574,1
334,17,15,400.0,0.0,0.0,0.0,0.0,102.7689408207396,3.215009526801508,16.04686513733005,0.4303255300767759,3.803352485593435,400.0,2.3320017728734936,1.1660008864367468,1
335,17,16,400.0,0.0,0.0,0.0,0.0,129.42880705272353,5.057921473130765,15.068431626286422,0.4119071376081136,5.32247245706791,400.0,3.0731433661420686,1.5365716830710343,1
336,17,17,400.0,0.0,0.0,0.0,0.0,183.31675222383197,8.455161783228775,15.100716676738454,0.4007958820565769,7.871463941785433,400.0,4.336527852949294,2.168263926474647,1
337,17,18,400.0,0.0,0.0,0.0,0.0,83.67173968299939,4.2802709862088975,14.32726353058341,0.4127345825169014,4.856440100315688,400.0,2.8409546326747455,1.4204773163373727,1
338,17,19,400.0,0.0,0.0,0.0,0.0,22.5276644582754,6.87996107484228,14.756930856676826,0.4327144679029566,7.704428548172052,400.0,4.284928741988983,2.1424643709944915,1
339,17,20,400.0,0.0,0.0,0.0,0.0,59.20009363467082,4.947055459624554,14.445554510378113,0.4199401150363169,5.605207759730392,400.0,3.222543994901513,1.6112719974507566,1
340,17,21,400.0,0.0,0.0,0.0,0.0,215.34834120937805,4.206434414731072,13.86670921738559,0.3784902329137337,4.197742609598739,400.0,2.4773615377131035,1.2386807688565518,1
341,17,22,400.0,0.0,0.0,0.0,0.0,476.97822640686894,5.346105772056321,13.219088545837892,0.3238261285714607,3.938748897315,400.0,2.2932005772289608,1.1466002886144804,1
342,17,23,400.0,0.0,0.0,0.0,0.0,311.49891125303685,4.298740200057947,13.206361981511812,0.3515868417586367,3.8805239491075447,400.0,2.291848816312409,1.1459244081562046,1
343,17,24,400.0,0.0,0.0,0.0,0.0,356.2640131992886,6.142852464899827,13.84926236402295,0.3517744221050464,5.002051799999213,400.0,2.852800322104653,1.4264001610523265,1
344,17,25,176.12924579008538,0.0,0.0,0.0,0.0,403.175381771254,1.565123332895369,11.351944320910686,0.3118879825045614,1.714002328505006,176.12924579008538,1.1688891467570643,0.8115464752386155,1
345,17,28,83.35646903501248,0.0,0.0,0.0,0.0,228.70866990582277,0.6194454740720592,10.072852724219022,0.3274094180014208,1.2883664792443263,83.35646903501248,0.971592657623584,0.8040381952998797,1
346,18,0,87.85040158037154,0.0,0.0,0.0,0.0,48.31379117519417,1.9663811074827997,16.291649754618255,0.446073559381001,2.8264709980654574,87.85040158037154,1.8593090584137295,1.5244911574454576,1
347,18,1,350.0489268068029,0.0,0.0,0.0,0.0,509.3076874481375,3.6708430740381406,11.488890270227628,0.2968144118431913,2.8067631001292157,350.0489268068029,1.700195961907799,0.9067120296517588,0
348,18,2,400.0,0.0,0.0,0.0,0.0,235.3986968643632,3.903518918111534,12.781649164556535,0.3606447650336792,3.875033845391499,400.0,2.298161687729429,1.1490808438647144,1
349,18,3,400.0,0.0,0.0,0.0,0.0,269.9648159203212,4.284014461137303,14.5839631503437,0.3769281172372095,4.0338502122221325,400.0,2.393853223348276,1.196926611674138,1
350,18,4,400.0,0.0,0.0,0.0,0.0,442.5608122837287,4.918622862792131,15.372688470983212,0.3567371799559508,3.802059847586917,400.0,2.257767103749409,1.1288835518747045,1
351,18,5,400.0,37.0,62.0,1.6756756756756757,12310268.4,218.488919978974,3.5678672460186176,16.27995248304473,10.981803878938484,3.671342834941808,12310.2684,419.1442188171333,13.190727548039291,1
352,18,6,400.0,0.0,0.0,0.0,0.0,81.79707994602931,6.133400675524112,18.148951020679977,0.4619268768034535,6.573135698236231,400.0,3.748494725921569,1.8742473629607843,1
353,18,7,400.0,0.0,0.0,0.0,0.0,140.01911711323837,5.218692869039231,18.75111293535174,0.4565805234906346,5.406168507791647,400.0,3.159664777386458,1.579832388693229,1
354,18,8,400.0,0.0,0.0,0.0,0.0,234.68313321680247,5.602656030705872,18.587823479147684,0.4348670609528386,5.22152165266631,400.0,3.0456278872859937,1.5228139436429968,1
355,18,9,400.0,0.0,0.0,0.0,0.0,444.39953464825464,3.935787779322351,18.420082513426927,0.3953238042756051,3.164872456139148,400.0,1.9777600323451792,0.9888800161725896,1
356,18,10,400.0,0.0,0.0,0.0,0.0,93.76326883609424,5.602857763422135,19.294887947757346,0.4738077053188039,6.011890636993737,400.0,3.4797530238156726,1.7398765119078363,1
357,18,11,400.0,159.0,298.0,1.8742138364779872,23821452.28,291.91488454490883,5.45220100114455,15.662196177023429,46.8628525454076,4.8187108247409265,23821.45228,7500.465762677586,123.86483974572948,1
358,18,12,400.0,0.0,0.0,0.0,0.0,48.31750175224542,3.3046267312410644,16.332972957028282,0.4465999175022961,4.101582711848116,400.0,2.497391273426354,1.248695636713177,1
359,18,13,400.0,0.0,0.0,0.0,0.0,100.25453166751252,4.203670869885762,17.001311138446567,0.4430712136066306,4.707277810449172,400.0,2.796710118831217,1.3983550594156084,1
360,18,14,400.0,0.0,0.0,0.0,0.0,130.56080770963126,5.819442981731943,16.058838862787795,0.4242952236306734,5.984764480325225,400.0,3.416677463793286,1.708338731896643,1
361,18,15,400.0,0.0,0.0,0.0,0.0,198.89417458668348,8.045747848006368,17.890792211942504,0.4331774593390369,7.414226255993561,400.0,4.140290587335818,2.070145293667909,1
362,18,16,400.0,0.0,0.0,0.0,0.0,282.5392527987162,4.382770128109969,17.237663563754822,0.4084018081410302,4.057893037236241,400.0,2.4373483267591505,1.2186741633795752,1
363,18,17,400.0,142.0,276.0,1.943661971830986,14479747.2,180.1361184904195,4.166682532811246,15.748344821713822,43.54671760550781,4.31498862176241,14479.7472,6229.338111898497,167.4581705769436,1
364,18,18,400.0,0.0,0.0,0.0,0.0,28.56506292412808,4.866507236396546,16.06867512545468,0.4479797081096688,5.701300886304129,400.0,3.298630151261733,1.6493150756308663,1
365,18,19,400.0,0.0,0.0,0.0,0.0,70.00123977408305,7.013091283327571,16.254718524806293,0.4404918332012466,7.47134752812808,400.0,4.176165597265286,2.088082798632643,1
366,18,20,400.0,0.0,0.0,0.0,0.0,314.1028490830552,5.41546891961958,15.745544983281029,0.3835081056731396,4.6861401303463275,400.0,2.7265781708463033,1.3632890854231516,1
367,18,21,400.0,0.0,0.0,0.0,0.0,236.02848979501056,6.261038306480484,14.786169466964992,0.3860960190550347,5.734464351102931,400.0,3.2533281946065,1.62666409730325,1
368,18,22,400.0,24.0,43.0,1.7916666666666667,3739613.3,202.1361697390834,7.721065752868575,13.704294460123045,7.955705308199208,7.124968321783018,3739.6133,202.4551168658717,19.562708126952025,1
369,18,23,400.0,0.0,0.0,0.0,0.0,213.24878120439232,6.739292556600892,13.77583147622185,0.3777543680861973,6.253000954700632,400.0,3.504254845436513,1.7521274227182566,1
370,18,24,351.7984686221152,0.0,0.0,0.0,0.0,84.33288927615445,3.090720047267995,12.804892196703117,0.3931587034442029,3.759884037967895,351.7984686221152,2.2731007224281505,1.2094202461434935,1
371,18,25,60.493078616798726,0.0,0.0,0.0,0.0,385.63815722663054,0.0590075115009775,9.766951449712115,0.2946204964914453,0.7201426240582185,60.493078616798726,0.6546918085205546,0.5686876428085116,0
372,19,1,270.3112042690559,0.0,0.0,0.0,0.0,275.72317467011715,4.521351166216875,14.752348914105667,0.3779807144457858,4.190832628262149,270.3112042690559,2.4733970285768603,1.4759693782973464,1
373,19,2,400.0,0.0,0.0,0.0,0.0,412.8184301076726,5.319884707852834,13.886945454794684,0.3426289002602796,4.182388669929646,400.0,2.433823235225103,1.2169116176125514,1
374,19,3,400.0,0.0,0.0,0.0,0.0,463.23814587910965,4.732728041331655,16.041739038295216,0.3619869564718996,3.607277632785325,400.0,2.165625772864562,1.082812886432281,1
375,19,4,400.0,0.0,0.0,0.0,0.0,241.5129945250889,4.93460429952436,17.046128365728592,0.413850900758222,4.661267276674256,400.0,2.7444845390953496,1.3722422695476748,1
376,19,5,400.0,0.0,0.0,0.0,0.0,204.05295620146435,4.388552499009501,16.434926976760227,0.413547740812084,4.3939291061533465,400.0,2.6105122938887573,1.3052561469443786,1
377,19,6,400.0,0.0,0.0,0.0,0.0,490.88038414830805,2.9937682207448377,16.48870606154029,0.3634009313129581,2.4445347470134795,400.0,1.585668304819698,0.792834152409849,1
378,19,7,400.0,0.0,0.0,0.0,0.0,613.6093015445747,5.2807195463702135,18.258052530847948,0.3683024921991635,3.4003393988099964,400.0,2.0684721916041617,1.0342360958020809,0
379,19,8,400.0,0.0,0.0,0.0,0.0,103.69125455643795,3.276267845194426,18.743444662345084,0.4645231775419949,3.8550708124650455,400.0,2.3920585837745176,1.1960292918872588,1
380,19,9,400.0,0.0,0.0,0.0,0.0,356.35585028009723,6.026339654031783,17.998718263006506,0.404701179441103,4.920007450547339,400.0,2.864704904714773,1.4323524523573865,1
381,19,10,400.0,0.0,0.0,0.0,0.0,119.6218959719279,6.391351695542794,17.304585732214633,0.4426028664906258,6.558020018809303,400.0,3.7216128758952776,1.8608064379476388,1
382,19,11,400.0,0.0,0.0,0.0,0.0,7.558856437710972,4.583534513278616,18.18741873017064,0.4801703650439481,5.541488487609684,400.0,3.2509146088487904,1.6254573044243952,1
383,19,12,400.0,0.0,0.0,0.0,0.0,478.6869877577209,4.976024949861007,18.268577145665517,0.3879875527689316,3.702723518949951,400.0,2.239349312243907,1.1196746561219535,1
384,19,13,400.0,0.0,0.0,0.0,0.0,294.351821966338,2.806332858969577,15.4787154326662,0.3837462406667424,2.8357725358038177,400.0,1.801632508568651,0.9008162542843255,1
385,19,14,400.0,0.0,0.0,0.0,0.0,484.3779299228465,4.55277230566632,16.66175303856532,0.3666070940822643,3.4209537540668125,400.0,2.0770839711156706,1.0385419855578353,1
386,19,15,400.0,0.0,0.0,0.0,0.0,335.5171524652777,5.241391040121473,18.009735067685444,0.4085279531419864,4.46239638669667,400.0,2.6397261464903217,1.3198630732451608,1
387,19,16,400.0,0.0,0.0,0.0,0.0,268.60271041364757,3.903644315769472,16.813283441795242,0.4056321126767062,3.7485757062880554,400.0,2.279919965820734,1.139959982910367,1
388,19,17,400.0,0.0,0.0,0.0,0.0,3.536102217173487,5.410208252909273,17.890135988854524,0.4773774654255148,6.387581130779474,400.0,3.671168030815252,1.835584015407626,1
389,19,18,400.0,0.0,0.0,0.0,0.0,60.83347390437221,8.122046486410069,17.082795415763503,0.4532040667838067,8.583662613542995,400.0,4.745035373555304,2.372517686777652,1
390,19,19,400.0,0.0,0.0,0.0,0.0,158.39614491023403,5.036091006730553,15.70104440458027,0.4137072490490155,5.151873697198293,400.0,2.989644097648162,1.494822048824081,1
391,19,20,400.0,0.0,0.0,0.0,0.0,212.3071639627971,4.544005068050834,14.343570787481395,0.385188429642893,4.483526993732811,400.0,2.6269519265092987,1.313475963254649,1
392,19,21,400.0,0.0,0.0,0.0,0.0,373.6012572915448,5.101349293427467,14.919304592189963,0.3624179674572236,4.199261536012539,400.0,2.462048735463493,1.2310243677317465,1
393,19,22,400.0,0.0,0.0,0.0,0.0,30.18380798678733,7.824435255992665,15.004619325810706,0.434010467138807,8.562059860635264,400.0,4.715040397456439,2.3575201987282197,1
394,19,23,400.0,0.0,0.0,0.0,0.0,62.2925123557571,6.59950314045927,13.875024306001489,0.4119331905216457,7.140553944062113,400.0,3.982210162552702,1.991105081276351,1
395,19,24,231.25497908902284,0.0,0.0,0.0,0.0,278.81274596152923,3.313428368249076,13.044311196816087,0.3556025320985618,3.2638917999417645,231.25497908902284,1.987548432069444,1.2594266962853689,1
396,20,2,223.3054742481684,0.0,0.0,0.0,0.0,254.70932216171653,3.858503139710191,15.331886797371306,0.3894047189046104,3.7660287803746697,223.3054742481684,2.272419109091945,1.4583020383916498,1
397,20,3,399.99637604104953,0.0,0.0,0.0,0.0,112.06553846619865,4.246809692206873,15.43007029720951,0.4203684112929811,4.690572652503627,399.99637604104953,2.765654737544794,1.3828336329377988,1
398,20,4,400.0,0.0,0.0,0.0,0.0,61.04757668614038,6.324448633767895,17.511584345360248,0.4586246159669022,6.890683649502398,400.0,3.903966440718101,1.9519832203590504,1
399,20,5,400.0,0.0,0.0,0.0,0.0,132.54241203189153,5.901058592891608,18.19719031714557,0.4511440770995211,6.0444011091836245,400.0,3.4733446316913335,1.7366723158456667,1
400,20,6,400.0,0.0,0.0,0.0,0.0,11.974122366396417,4.53090688309048,18.433154601799817,0.4822126152691458,5.465074059009334,400.0,3.214749644773813,1.6073748223869064,1
401,20,7,400.0,0.0,0.0,0.0,0.0,229.87510631773168,7.686639427049229,17.682207372453476,0.4242651824975398,6.902688966030121,400.0,3.8756096655126,1.9378048327563,1
402,20,8,400.0,0.0,0.0,0.0,0.0,103.37827039927431,4.186272002094629,18.98332266133908,0.467654326829231,4.6769063950042025,400.0,2.806107524331332,1.403053762165666,1
403,20,9,400.0,0.0,0.0,0.0,0.0,228.16419516368296,4.907740120104027,17.077496824731604,0.4168898687469535,4.702523035484896,400.0,2.768151386489402,1.384075693244701,1
404,20,10,400.0,0.0,0.0,0.0,0.0,319.770959775503,6.3249105895234505,15.079921642664068,0.3739832978623376,5.320195170392995,400.0,3.034080883058835,1.5170404415294174,1
405,20,11,400.0,0.0,0.0,0.0,0.0,164.643957015137,4.489912637278326,15.662634339946056,0.4118881866436636,4.656519987305738,400.0,2.740148180296533,1.3700740901482664,1
406,20,12,400.0,0.0,0.0,0.0,0.0,503.16160337860794,6.318119751404134,16.677518300494256,0.3639421817257615,4.424652866070379,400.0,2.576268614760951,1.2881343073804754,0
407,20,13,400.0,0.0,0.0,0.0,0.0,568.747602226782,4.708179899296162,15.468294310644062,0.3389182308235997,3.23216636591579,400.0,1.9550014137814944,0.9775007068907472,0
408,20,14,400.0,0.0,0.0,0.0,0.0,60.91122170077706,4.213438769548419,15.264982736947244,0.4299923377807396,4.905359823712186,400.0,2.882672249636833,1.4413361248184164,1
409,20,15,400.0,0.0,0.0,0.0,0.0,254.34434324011823,5.568266345037972,15.29090849580527,0.3889526179885676,5.09319624781462,400.0,2.9355507418958777,1.4677753709479389,1
410,20,16,400.0,0.0,0.0,0.0,0.0,586.2278599692337,4.251559106306862,14.905499697777262,0.3292845663790447,2.922084247874438,400.0,1.7903266903162638,0.8951633451581319,0
411,20,17,400.0,0.0,0.0,0.0,0.0,135.78273048067655,3.5968445722389175,14.17267978430785,0.3990870454118851,4.013193767538682,400.0,2.405683929181226,1.202841964590613,1
412,20,18,400.0,0.0,0.0,0.0,0.0,49.101168091831816,6.932971073053412,14.54766897709049,0.423634653172464,7.552861210995966,400.0,4.200065258670447,2.1000326293352236,1
413,20,19,400.0,0.0,0.0,0.0,0.0,408.9447042685871,4.175117887033724,13.29279911047534,0.3356903313719117,3.4380945729997685,400.0,2.054737617871796,1.027368808935898,1
414,20,20,400.0,0.0,0.0,0.0,0.0,153.9180196001818,4.941712121069981,13.337125056668333,0.3845037194173005,5.094081155990164,400.0,2.9315442974123824,1.4657721487061912,1
415,20,21,400.0,0.0,0.0,0.0,0.0,130.0601220589155,5.466208236753541,15.031400122837711,0.4112960291814324,5.677606548417261,400.0,3.250099303390063,1.6250496516950317,1
416,20,22,358.2120324590677,0.0,0.0,0.0,0.0,271.33003690646575,4.695226214572763,12.260552716790338,0.3470233876417812,4.341840257972553,358.2120324590677,2.5179435166280575,1.3283585112527156,1
417,20,23,166.45675496909888,0.0,0.0,0.0,0.0,50.55326729416576,2.3726756969041025,11.256903656597796,0.3813024568660406,3.2064138674295326,166.45675496909888,1.9845093905808069,1.4013492632383315,1
418,21,3,175.15544182694944,0.0,0.0,0.0,0.0,288.13501433873466,1.6043158404875903,14.732503407920888,0.375386843989152,1.9523523778966627,175.15544182694944,1.3515630329374837,0.9399636582724964,1
419,21,4,396.7282005679213,0.0,0.0,0.0,0.0,325.8914892370561,4.641933734119298,17.443025416264963,0.4030261327297692,4.072818957148662,396.7282005679213,2.4394356113041,1.224726630519783,1
420,21,5,400.0,0.0,0.0,0.0,0.0,10.30650112485229,7.810723881904013,17.16470640676993,0.466440793779186,8.720382497793143,400.0,4.826632042675757,2.4133160213378786,1
421,21,6,400.0,0.0,0.0,0.0,0.0,185.44147308891507,5.550284955046476,17.618933615454456,0.4324840271789267,5.441567050822151,400.0,3.1532675525900022,1.5766337762950011,1
422,21,7,400.0,0.0,0.0,0.0,0.0,109.84641007988438,4.597488712736168,18.148231799495807,0.4555459039570483,5.015191684545461,400.0,2.9631417462297787,1.481570873114889,1
423,21,8,400.0,0.0,0.0,0.0,0.0,29.222713132042244,5.24083839871031,18.799600683109105,0.4826638091636462,6.061103134989803,400.0,3.5132153766585477,1.7566076883292738,1
424,21,9,400.0,0.0,0.0,0.0,0.0,403.5961488623868,4.790388293053299,17.93596118228671,0.3958230637933694,3.867480274687763,400.0,2.3295632011372507,1.1647816005686251,1
425,21,10,400.0,0.0,0.0,0.0,0.0,168.74449800196035,4.805467163292428,17.3113999969778,0.432057023662848,4.9040215349595835,400.0,2.88406779114264,1.44203389557132,1
426,21,11,400.0,0.0,0.0,0.0,0.0,312.77038442309765,5.4789164839547935,16.224016474352943,0.38985639984777,4.738795088688215,400.0,2.7592539441918773,1.3796269720959389,1
427,21,12,400.0,0.0,0.0,0.0,0.0,463.3771721921964,2.6078196175096227,14.82765298732269,0.3464745851372733,2.269878790044226,400.0,1.4814139801593864,0.7407069900796932,1
428,21,13,400.0,0.0,0.0,0.0,0.0,244.59770568588596,4.594911539760531,15.043191438007076,0.3876906842564274,4.380924719879274,400.0,2.578153044196064,1.289076522098032,1
429,21,14,400.0,0.0,0.0,0.0,0.0,141.02800592640747,4.70603843225156,14.817659341810662,0.4061745017199424,4.955494605385972,400.0,2.8839218044129287,1.4419609022064643,1
430,21,15,400.0,0.0,0.0,0.0,0.0,415.179323140989,4.280025184777631,15.940248760563588,0.3684368222907576,3.4859881382505953,400.0,2.111430891416055,1.0557154457080276,1
431,21,16,400.0,0.0,0.0,0.0,0.0,230.10088916988263,4.542785641515981,13.947552657421724,0.3765699402472032,4.403485157283872,400.0,2.578312518889139,1.2891562594445696,1
432,21,17,400.0,0.0,0.0,0.0,0.0,295.87943607190397,6.994699433861959,16.52017133730894,0.3967498518108879,5.947073889074729,400.0,3.3702867963482523,1.6851433981741262,1
433,21,18,400.0,0.0,0.0,0.0,0.0,204.80684223305113,6.588742815820337,14.597820827714456,0.3899545104615257,6.183343215269577,400.0,3.4816261180963144,1.7408130590481572,1
434,21,19,400.0,0.0,0.0,0.0,0.0,105.89063426338672,5.418266198962259,13.796697089885487,0.4009125699651678,5.773378192491959,400.0,3.2876016662111476,1.6438008331055738,1
435,21,20,400.0,0.0,0.0,0.0,0.0,197.84826116456975,6.6806405368273225,14.388586608987106,0.3887073091226329,6.301922122979232,400.0,3.539668370612249,1.7698341853061246,1
436,21,21,361.3965787402933,0.0,0.0,0.0,0.0,205.66839737223592,6.557884614478284,14.246904389907236,0.3853017496037385,6.152896464378377,361.3965787402933,3.4617499817929267,1.818631750366036,1
437,21,22,95.64443550229514,0.0,0.0,0.0,0.0,413.1198024637208,0.4506805684395534,11.250301809196012,0.3089381572294754,0.9597456297890096,95.64443550229514,0.7888109721239801,0.6365942321733803,1
438,22,4,131.92896164207275,0.0,0.0,0.0,0.0,268.3927028372458,2.7548015137097845,17.83046311292893,0.4186504293006642,2.8709492430186607,131.92896164207275,1.854125050809995,1.3942651628415064,1
439,22,5,387.3498671788981,0.0,0.0,0.0,0.0,56.38020430273943,5.3428807486153875,18.20262413891879,0.4685418871618744,5.995162162280715,387.3498671788981,3.4661229683022317,1.7609061042819352,1
440,22,6,400.0,0.0,0.0,0.0,0.0,4.067762657832198,5.621835042825189,16.52199310964164,0.459788943802471,6.594953700039282,400.0,3.757265793822112,1.878632896911056,1
441,22,7,400.0,0.0,0.0,0.0,0.0,372.8004329014337,3.824277251932702,16.83886524738624,0.387047455323701,3.322975107339106,400.0,2.048535008993254,1.024267504496627,1
442,22,8,400.0,0.0,0.0,0.0,0.0,683.2873415260639,4.150158036240235,16.63092107967657,0.3384322049067901,2.600594465128787,400.0,1.6387294374711838,0.8193647187355919,0
443,22,9,400.0,0.0,0.0,0.0,0.0,244.07002015557487,6.467033010463021,17.388736210719884,0.4177207729490383,5.849918401792889,400.0,3.342679973845483,1.6713399869227414,1
444,22,10,400.0,0.0,0.0,0.0,0.0,524.042497413464,5.115443912279971,17.910517957402067,0.3765504958499389,3.621089194665666,400.0,2.187095093182772,1.093547546591386,0
445,22,11,400.0,0.0,0.0,0.0,0.0,164.8553910606184,6.0333947977450775,17.059840279364447,0.4296702829831568,5.964433615431538,400.0,3.411887090698926,1.705943545349463,1
446,22,12,400.0,0.0,0.0,0.0,0.0,127.60191006255738,7.750940241386408,15.762096086092162,0.4211592336115952,7.702610063378064,400.0,4.272464265300627,2.1362321326503135,1
447,22,13,400.0,0.0,0.0,0.0,0.0,238.88761886585303,4.48185950262818,15.245800232292872,0.3913967409798748,4.316982875617537,400.0,2.5498881787886436,1.2749440893943218,1
448,22,14,400.0,0.0,0.0,0.0,0.0,422.23329075513584,4.35029314583496,14.868842509406353,0.3536065696924235,3.507550961788939,400.0,2.107382050586893,1.0536910252934466,1
449,22,15,400.0,0.0,0.0,0.0,0.0,488.4400899943558,6.767857434259675,15.433444637836182,0.3503107436557929,4.7662235744744095,400.0,2.7334225308929976,1.3667112654464988,1
450,22,16,400.0,0.0,0.0,0.0,0.0,215.35099450565968,3.079278094691695,15.132607592302456,0.3946412731600639,3.288952222598488,400.0,2.039117384459308,1.019558692229654,1
451,22,17,400.0,0.0,0.0,0.0,0.0,117.35571920217666,7.244767987815137,17.428921544609636,0.4446925045776023,7.331814991723846,400.0,4.110600000439526,2.055300000219763,1
452,22,18,400.0,0.0,0.0,0.0,0.0,1.5169526410582588,5.001525981787074,15.970671212899754,0.4533905619044364,5.992428852800028,400.0,3.4496049883044506,1.7248024941522253,1
453,22,19,400.0,0.0,0.0,0.0,0.0,202.626456732821,4.671157249571027,12.889869731769227,0.3686074241655648,4.630971811818627,400.0,2.6840933300748784,1.3420466650374392,1
454,22,20,398.9719607854908,0.0,0.0,0.0,0.0,249.0019236065024,8.423549853633482,16.13990843925211,0.4008234258008841,7.346396612495103,398.9719607854908,4.074021732048435,2.0396318929856587,1
455,22,21,86.28404681691391,0.0,0.0,0.0,0.0,466.927247309803,0.6438290089395684,11.663859192530314,0.3055503987156761,1.0305586509335023,86.28404681691391,0.8208297241824273,0.6751854020754827,1
456,23,5,96.70113362090876,0.0,0.0,0.0,0.0,404.383222447426,0.746690277744468,17.920723429156673,0.3954972729482852,1.1657206796723265,96.70113362090876,0.9783576127844484,0.7878843405508702,1
457,23,6,374.71200241118817,0.0,0.0,0.0,0.0,440.8371967397897,4.73631203684507,17.261065552600872,0.3811079965901237,3.6913022342547888,374.71200241118817,2.226759113717518,1.1497222744901467,1
458,23,7,400.0,0.0,0.0,0.0,0.0,131.7023041898384,5.54305101760051,18.071738324783468,0.4497274700614224,5.735651064780173,400.0,3.317553002451509,1.6587765012257545,1
459,23,8,400.0,0.0,0.0,0.0,0.0,356.5559635325164,5.000933678585155,16.735701039172056,0.3885513374486399,4.2011534002124495,400.0,2.489128037554865,1.2445640187774325,1
460,23,9,400.0,0.0,0.0,0.0,0.0,441.93188071951386,4.181418084798017,16.632985757088957,0.3729183273121751,3.330581454231718,400.0,2.0382090544280342,1.0191045272140171,1
461,23,10,400.0,0.0,0.0,0.0,0.0,123.94661319165176,3.734619248252421,15.979688200337147,0.424741310893723,4.182690492696803,400.0,2.516086557242125,1.2580432786210625,1
462,23,11,400.0,0.0,0.0,0.0,0.0,203.24089503624327,3.9646874720663567,15.83781389174638,0.4060947952804815,4.0515902333827905,400.0,2.4318899119718766,1.2159449559859383,1
463,23,12,400.0,0.0,0.0,0.0,0.0,445.5206338998307,3.0672346809928257,16.559432322228396,0.371404187192112,2.605026101882162,400.0,1.673917238133193,0.8369586190665965,1
464,23,13,400.0,0.0,0.0,0.0,0.0,216.99229674723532,3.4280645008034263,16.417339879518362,0.4107025926900018,3.5643092793818263,400.0,2.192857232380915,1.0964286161904575,1
465,23,14,400.0,0.0,0.0,0.0,0.0,46.57345329599621,3.858666520249136,17.121965402070387,0.4570824666461668,4.637570214528924,400.0,2.7758675739106287,1.3879337869553143,1
466,23,15,400.0,0.0,0.0,0.0,0.0,390.2780039490371,4.577121719265243,17.1580054892434,0.3881358587189683,3.7749789949830177,400.0,2.275625356210477,1.1378126781052385,1
467,23,16,400.0,0.0,0.0,0.0,0.0,166.4624328943255,3.1846988076641836,17.658802579766437,0.4369720066036044,3.542994590123137,400.0,2.208469301665173,1.1042346508325864,1
468,23,17,400.0,0.0,0.0,0.0,0.0,171.26809794045707,5.007343487385613,16.62043268743314,0.4227087190278762,5.061761460673019,400.0,2.9535894493643857,1.4767947246821929,1
469,23,18,400.0,0.0,0.0,0.0,0.0,302.36728101806915,2.8691978424742923,14.753683572933998,0.3730086311928348,2.859594777751828,400.0,1.8028060200687488,0.9014030100343744,1
470,23,19,400.0,0.0,0.0,0.0,0.0,47.70250979293957,8.203762132440959,16.497278087484982,0.4488428247062198,8.77502675292138,400.0,4.83635620116691,2.418178100583455,1
471,23,20,313.70600531235397,0.0,0.0,0.0,0.0,202.7862369102641,3.6438135929068487,14.43714466557574,0.3883164619326642,3.791454379510668,313.70600531235397,2.2840436516879983,1.2801033673176871,1
472,24,6,64.63435316086135,0.0,0.0,0.0,0.0,197.90558351564923,0.8357458152039714,16.321997816279783,0.4133639108162866,1.5061327218608556,64.63435316086135,1.1664302717467143,1.004170495626598,1
473,24,7,347.2241452488434,0.0,0.0,0.0,0.0,131.07167828549794,3.7787173134831455,17.51697469876488,0.4427874962883997,4.191675303310324,347.2241452488434,2.5386251479435615,1.3589631245645248,1
474,24,8,400.0,0.0,0.0,0.0,0.0,29.431101149356824,4.630917420098813,17.46993128711827,0.4656479894254375,5.467608291571475,400.0,3.199452135211175,1.5997260676055876,1
475,24,9,400.0,0.0,0.0,0.0,0.0,420.5762109728639,2.868936666989393,16.790967253216525,0.3784027381106264,2.540608184951106,400.0,1.6487068305861798,0.8243534152930899,1
476,24,10,400.0,0.0,0.0,0.0,0.0,392.8648994418644,4.806645593575129,16.4794403357519,0.3790408764665981,3.920182285748069,400.0,2.3391320193406324,1.1695660096703162,1
477,24,11,400.0,0.0,0.0,0.0,0.0,390.8137112616815,6.228764412532773,15.91615870368411,0.3722005308680486,4.890303724981055,400.0,2.817352393358576,1.408676196679288,1
478,24,12,400.0,0.0,0.0,0.0,0.0,30.615066237534304,3.9117141130917057,14.231916321125643,0.4240469767411654,4.763620179936953,400.0,2.805857066709642,1.402928533354821,1
479,24,13,400.0,0.0,0.0,0.0,0.0,158.21172018121678,2.6334950568009043,15.489735956007094,0.4110505240677889,3.1018021783889784,400.0,1.9619516132622783,0.9809758066311391,1
480,24,14,400.0,0.0,0.0,0.0,0.0,35.19286909306646,4.7375416825049035,17.897101017815327,0.4697035961936653,5.539132894062328,400.0,3.23927004322483,1.619635021612415,1
481,24,15,400.0,0.0,0.0,0.0,0.0,247.81926211268708,3.3893735001723724,18.6400567190799,0.4329534043578156,3.425910391474559,400.0,2.145908600095095,1.0729543000475474,1
482,24,16,400.0,0.0,0.0,0.0,0.0,185.92130667992345,4.803052223918641,17.93141690262577,0.4363713659041164,4.8185002006801865,400.0,2.84562146624421,1.422810733122105,1
483,24,17,400.0,0.0,0.0,0.0,0.0,133.26591018699705,4.2374402135622145,17.44274832799494,0.4413598005299237,4.583976990724823,400.0,2.733348295892335,1.3666741479461677,1
484,24,18,400.0,0.0,0.0,0.0,0.0,360.3485835269589,7.996933177884435,16.937252491364006,0.3904603985603543,6.274759626342796,400.0,3.5278402117317524,1.7639201058658762,1
485,24,19,400.0,0.0,0.0,0.0,0.0,213.6768475817705,4.5094345340398245,14.66180950159218,0.3889720999986052,4.449470698362765,400.0,2.6137074491799877,1.3068537245899938,1
486,24,20,333.4621413167583,0.0,0.0,0.0,0.0,60.184086589082646,3.261600592656326,14.748043337934895,0.4235678208855925,4.012685544875465,333.4621413167583,2.429910593323325,1.3251730151803032,1
487,25,8,309.7370577130757,0.0,0.0,0.0,0.0,370.356480791237,1.1873113434179752,17.07996975556585,0.3905450683745626,1.510312543305284,309.7370577130757,1.1457013400272045,0.6457046747531536,1
488,25,9,400.0,0.0,0.0,0.0,0.0,617.4260191156708,1.1580991377533956,16.891613215943913,0.350352515321327,1.1639295068033533,400.0,0.9323172687230036,0.4661586343615018,0
489,25,10,400.0,0.0,0.0,0.0,0.0,239.3527318325337,5.040885873143366,17.069718694129186,0.4145765362766648,4.7550059014395964,400.0,2.792079486996463,1.3960397434982317,1
490,25,11,400.0,28.0,53.0,1.8928571428571428,632109.5,93.28693471742469,4.4851087520327395,16.508962124218176,9.566924118502085,4.9965615505861365,632.1095,279.9390802118535,108.49200795530066,1
491,25,12,400.0,0.0,0.0,0.0,0.0,71.6897817833589,2.4462253245863423,14.58904504371278,0.4188462706780338,3.207814106489439,400.0,2.0227533239227533,1.0113766619613769,1
492,25,13,400.0,0.0,0.0,0.0,0.0,47.13663317957371,5.962031763400691,14.745033135365324,0.4266208795593614,6.641479258659816,400.0,3.7473605088892694,1.8736802544446347,1
493,25,14,400.0,0.0,0.0,0.0,0.0,349.7020067021439,3.020137034536025,14.880888965946657,0.3660895284168687,2.8337870110038215,400.0,1.7829830339187795,0.8914915169593898,1
494,25,15,400.0,0.0,0.0,0.0,0.0,352.64410178464425,4.652955269057436,17.42598846807466,0.3980447007416171,3.97305119746164,400.0,2.384570299472437,1.1922851497362186,1
495,25,16,400.0,0.0,0.0,0.0,0.0,120.09672598657777,4.152061382135431,17.171386841086694,0.4407980852606431,4.569026566060452,400.0,2.725311368290869,1.3626556841454345,1
496,25,17,400.0,71.0,156.0,2.1971830985915495,5314389.9,317.67534229887366,4.064279161798805,16.16449268249392,25.285035381090783,3.6859801270342154,5314.3899,1822.3655375020537,127.56326182797248,1
497,25,18,400.0,0.0,0.0,0.0,0.0,43.16040063403712,7.041262532389163,16.172213461319053,0.4457804247615912,7.701581532654066,400.0,4.296571191088624,2.148285595544312,1
498,25,19,400.0,0.0,0.0,0.0,0.0,166.55093994001084,3.4456427266827445,14.825536579261591,0.4008036827357266,3.763590846377643,400.0,2.282599105924548,1.141299552962274,1
499,25,20,393.72034208347776,0.0,0.0,0.0,0.0,362.64176743126706,3.2686926797092584,15.232602291873524,0.3683114191729014,2.970308587489938,393.72034208347776,1.8534657129178709,0.9340648662487911,1
500,26,9,262.3180482314306,0.0,0.0,0.0,0.0,723.8062407262976,1.4095766937869345,16.539359087269055,0.3322511614180897,1.1684111630471008,262.3180482314306,0.91645674294164,0.5534843843611563,0
501,26,10,400.0,0.0,0.0,0.0,0.0,224.4701222855707,4.071856101455623,16.83420968055725,0.4145222463653092,4.052105908088001,400.0,2.44057520040931,1.220287600204655,1
502,26,11,400.0,0.0,0.0,0.0,0.0,302.63933787485536,6.3336738480386385,16.863800214856496,0.3998813120473473,5.4185988082230265,400.0,3.1091807161588605,1.5545903580794302,1
503,26,12,400.0,0.0,0.0,0.0,0.0,374.8126663676914,4.169548895441205,16.341051521124662,0.3803496992048007,3.5536411861821295,400.0,2.1571702922958655,1.0785851461479328,1
504,26,13,400.0,0.0,0.0,0.0,0.0,339.04996975519333,5.972917347381263,15.270921378804928,0.3729531286161339,4.967832981358409,400.0,2.8568696192953387,1.4284348096476691,1
505,26,14,400.0,0.0,0.0,0.0,0.0,408.1610445892309,3.999392657236347,13.282245265112984,0.3356858823238094,3.323955175899749,400.0,1.997663470273684,0.998831735136842,1
506,26,15,400.0,0.0,0.0,0.0,0.0,94.0977605411766,6.236505077039179,17.48046519759803,0.4505813916255448,6.5866218873007245,400.0,3.7438923352759073,1.8719461676379536,1
507,26,16,400.0,0.0,0.0,0.0,0.0,270.79568007719956,5.831017295846956,18.017116050293417,0.4205731487014005,5.210510979489057,400.0,3.025828638445929,1.5129143192229646,1
508,26,17,400.0,0.0,0.0,0.0,0.0,567.1562180294422,5.081570931714358,16.716777032927464,0.3550730532377377,3.449077560421891,400.0,2.0796118334486833,1.0398059167243416,0
509,26,18,400.0,0.0,0.0,0.0,0.0,237.69680669131003,5.129884952451782,16.074727306395403,0.4022075887070153,4.833056944023861,400.0,2.818736060718946,1.409368030359473,1
510,26,19,400.0,0.0,0.0,0.0,0.0,59.680705027036446,6.030331529848151,16.157463174911193,0.4416691084877348,6.623031257165571,400.0,3.75318473707052,1.87659236853526,1
511,26,20,302.01424107820765,0.0,0.0,0.0,0.0,240.58818691309844,4.112404387664825,15.155903169250124,0.3899152296807433,4.01919499509433,302.01424107820765,2.3995127272279086,1.3672159832783743,1
512,27,10,210.54379548575344,0.0,0.0,0.0,0.0,170.4008126360004,2.880872749618402,16.90364931047577,0.4265050468817661,3.272843736487914,210.54379548575344,2.0629269151257232,1.3515341113142865,1
513,27,11,399.7828053887853,0.0,0.0,0.0,0.0,601.3614048812633,3.921225749549496,16.97962219150443,0.3536589477262926,2.6971515393108443,399.7828053887853,1.7022347173817147,0.8513484940723303,0
514,27,12,400.0,0.0,0.0,0.0,0.0,376.3242566226925,5.509734773735402,17.141286658613307,0.3903003078550232,4.468150020976534,400.0,2.62437531834329,1.312187659171645,1
515,27,13,400.0,0.0,0.0,0.0,0.0,135.37811700148384,3.2166079966063448,17.60143474396576,0.4429227975466852,3.682724735854253,400.0,2.2842851654738117,1.1421425827369058,1
516,27,14,400.0,0.0,0.0,0.0,0.0,196.1404382565428,6.840542644399194,16.92004855316982,0.4213568015260476,6.444116916116218,400.0,3.643415259584157,1.8217076297920785,1
517,27,15,400.0,0.0,0.0,0.0,0.0,83.64904598124178,5.196931435043816,17.4283649412879,0.4523066988643122,5.6996524182109995,400.0,3.302132907969812,1.651066453984906,1
518,27,16,400.0,0.0,0.0,0.0,0.0,246.32398377595024,2.803543362633818,16.817878793554698,0.409996253119723,2.9731116927047307,400.0,1.8965520994720884,0.9482760497360442,1
519,27,17,400.0,0.0,0.0,0.0,0.0,110.29641053732948,7.331035512253452,17.05331867190279,0.4414751524099308,7.461014143241242,400.0,4.171982224030551,2.0859911120152757,1
520,27,18,400.0,0.0,0.0,0.0,0.0,119.61840550361916,4.050055318568261,16.41551739970843,0.4312600335394808,4.480706755442008,400.0,2.671613411260485,1.3358067056302425,1
521,27,19,400.0,0.0,0.0,0.0,0.0,258.2271269462312,3.1623851889716392,15.98548189258715,0.3970634254774325,3.215108630452326,400.0,2.004617740703596,1.002308870351798,1
522,27,20,213.80461936028215,0.0,0.0,0.0,0.0,281.49994560420794,1.8425062620849864,15.783578260901011,0.3900451360706464,2.145100070179573,213.80461936028215,1.462595171160433,0.953134026710177,1
523,28,11,165.00951555400394,0.0,0.0,0.0,0.0,233.9293007136784,1.3791281283603378,17.04019563958265,0.4152699975268465,1.8828842697760149,165.00951555400394,1.356712132414854,0.96048798830198,1
524,28,12,395.2526699877504,0.0,0.0,0.0,0.0,402.1202472630205,4.345251283160812,17.518130606765688,0.390738596559366,3.5754402265594623,395.2526699877504,2.1784587098390973,1.0957316043328231,1
525,28,13,400.0,0.0,0.0,0.0,0.0,186.06405024977812,7.890832854979506,17.76377078577092,0.4342027427822778,7.38135096437327,400.0,4.124878224968913,2.0624391124844563,1
526,28,14,400.0,0.0,0.0,0.0,0.0,387.5118734714065,4.036718686661972,13.953852491798225,0.3477228518354737,3.4186404484658577,400.0,2.0570430760684024,1.0285215380342012,1
527,28,15,400.0,0.0,0.0,0.0,0.0,297.80217486078146,4.3901202032394915,16.537970249197986,0.396619721008875,4.00188504343078,400.0,2.3975622427242653,1.1987811213621329,1
528,28,16,400.0,0.0,0.0,0.0,0.0,90.36892712771672,6.164217871918215,17.463270101650263,0.4512120738488075,6.545186988709014,400.0,3.723805568203314,1.861902784101657,1
529,28,17,400.0,0.0,0.0,0.0,0.0,114.61666999928782,6.504160748015831,15.791888816140547,0.4244154053145409,6.691519397781954,400.0,3.7701751042055176,1.8850875521027588,1
530,28,18,358.5067400750592,0.0,0.0,0.0,0.0,40.25663034412227,6.623836696869122,15.691982477081233,0.4403494536636299,7.32302223329346,358.5067400750592,4.10186057031036,2.1631241245948343,1
531,28,19,235.16792070511025,0.0,0.0,0.0,0.0,21.97762288591068,3.2694014488331944,15.881114234526953,0.4471923880304309,4.176593735903419,235.16792070511025,2.5354892559821405,1.596736342205351,1
532,29,12,123.93940380706232,0.0,0.0,0.0,0.0,203.84295445599744,0.9786815532763375,16.898536415933407,0.4195057398352814,1.61379377048017,123.93940380706232,1.2264026250753663,0.9362934844480468,1
533,29,13,384.8551982716515,0.0,0.0,0.0,0.0,340.0537743438809,4.305757668951926,17.673991228877636,0.4034351548369331,3.7762777762103847,384.8551982716515,2.2915740429421256,1.1678964721076988,1
534,29,14,400.0,0.0,0.0,0.0,0.0,245.37429090429976,6.415485724029217,17.03202583113609,0.4129142259054936,5.801962301289153,400.0,3.3138953765500703,1.6569476882750351,1
535,29,15,400.0,0.0,0.0,0.0,0.0,208.96697880062905,3.982797842515269,16.684721073945802,0.4157355694932896,4.043151937113059,400.0,2.437311538049819,1.2186557690249096,1
536,29,16,400.0,0.0,0.0,0.0,0.0,142.84983031566298,3.974292593287855,16.610215326498825,0.4286505043556505,4.312135848569229,400.0,2.584718428640265,1.2923592143201326,1
537,29,17,261.08837300064,0.0,0.0,0.0,0.0,309.78319689577955,2.575622658264826,14.691934473268976,0.3708556298000777,2.623098189498041,261.08837300064,1.682404724549098,1.017960559138419,1
538,29,18,59.87694326711376,0.0,0.0,0.0,0.0,77.71542516836061,0.5199534730888454,8.656889797403263,0.3417600257706144,1.4063030341198517,59.87694326711376,1.04491154283054,0.9088618667482236,0
539,30,13,93.2158252122649,0.0,0.0,0.0,0.0,114.85066469079962,1.6764590080580517,18.394135580230984,0.4575652682942268,2.3860612419262495,93.2158252122649,1.6505958892573516,1.3386398447754475,1
540,30,14,379.841974633115,0.0,0.0,0.0,0.0,33.361560536468765,4.477058535481624,18.39696957416905,0.4765238103671299,5.297349667324666,379.841974633115,3.125198644029463,1.602990731808067,1
541,30,15,400.0,0.0,0.0,0.0,0.0,197.52184703924584,5.5068825355524975,16.301413509580826,0.4131800000037871,5.340603284934777,400.0,3.0834816424711757,1.541740821235588,1
542,30,16,400.0,0.0,0.0,0.0,0.0,13.413502152563796,4.295167268812959,13.788723332370504,0.4225990925054601,5.224614767147029,400.0,3.034906476078975,1.5174532380394874,1
543,30,17,146.42230802268358,0.0,0.0,0.0,0.0,44.33254609024911,0.6216872039366901,5.647182296841375,0.3112112441804294,1.5513640017674952,146.42230802268358,1.086893245064177,0.7956433909129911,0
544,31,14,79.87794992839227,0.0,0.0,0.0,0.0,27.34539618325388,1.3969796898332274,18.18146700208837,0.4752332931621326,2.3323214127533345,79.87794992839227,1.6413939995387998,1.3681762204608316,1
545,31,15,361.76751719300864,0.0,0.0,0.0,0.0,238.97108196141497,3.855470239131957,14.743976460850757,0.3849775491415733,3.823380090264512,361.76751719300864,2.296667594273829,1.2059677224025942,1
546,31,16,400.0,0.0,0.0,0.0,0.0,331.2812372375829,4.45654993427188,11.507800109640897,0.3263286216568697,3.917820375988839,400.0,2.2852388096512892,1.1426194048256446,1
547,31,17,349.13464098332895,0.0,0.0,0.0,0.0,401.6855166799748,3.780440194912331,13.444362554020776,0.3388341754226158,3.1990283291953947,349.13464098332895,1.9383483400203132,1.0349799536574622,1
548,31,18,224.1821424208708,0.0,0.0,0.0,0.0,309.81328905287836,2.056184045340088,16.671976041182493,0.3961134264087707,2.2419674465051194,224.1821424208708,1.5170971496613304,0.9722143884330408,1
549,31,19,67.31527921473649,0.0,0.0,0.0,0.0,179.58795270127794,0.2402033828134623,16.434104093483516,0.4185860578142515,1.0363318715401504,67.31527921473649,0.9367519935843268,0.8018158491701094,1
550,32,15,49.61326950084051,0.0,0.0,0.0,0.0,506.0437835550756,0.1580816623234873,13.22743871062994,0.3194876511304083,0.6981796111552696,49.61326950084051,0.6685774567080431,0.5948022463396564,0
551,32,16,334.761750479434,0.0,0.0,0.0,0.0,418.71750928016786,2.9805851498835567,14.563996024429798,0.350294272837104,2.6187872313081564,334.761750479434,1.6596878884911823,0.9035243804720272,1
552,32,17,400.0,0.0,0.0,0.0,0.0,433.7490957136951,3.1639423274753247,15.14088375387136,0.3552009789606469,2.698546256994495,400.0,1.7044741074578944,0.8522370537289472,1
553,32,18,400.0,0.0,0.0,0.0,0.0,440.3432536943451,3.505362942222355,16.69804955393444,0.3740039677869676,2.900622004870737,400.0,1.824314970222336,0.912157485111168,1
554,32,19,336.3660686736805,0.0,0.0,0.0,0.0,7.093504126471183,4.440674248501708,18.723553610451543,0.4871263894131848,5.402217361567617,336.3660686736805,3.1882350701969933,1.7318750582516884,1
555,32,20,50.8720526137548,0.0,0.0,0.0,0.0,365.12026234799725,0.1050647229006302,18.594689890742305,0.41077761318119,0.767039978065165,50.8720526137548,0.7942976022137724,0.7046767237926077,1
556,33,17,300.5831954601036,0.0,0.0,0.0,0.0,89.7288374932535,3.131016934258405,14.493488882236552,0.4134669299276402,3.7764891065267423,300.5831954601036,2.3017114831910113,1.3141688228358814,1
557,33,18,400.0,0.0,0.0,0.0,0.0,52.87679437546929,4.491819247595802,16.176610712651854,0.4435213073732449,5.20897334186567,400.0,3.0480079783060803,1.52400398915304,1
558,33,19,400.0,0.0,0.0,0.0,0.0,165.55585791166823,3.3248503029594536,17.99290066221614,0.441426734132171,3.66497557103144,400.0,2.2739145196478914,1.1369572598239457,1
559,33,20,168.43443051826557,0.0,0.0,0.0,0.0,255.15297607098407,0.7509318519043109,19.594039132392485,0.4436994908366483,1.3566184328141384,168.43443051826557,1.1220087072437177,0.7895431008433005,1
560,34,18,233.82801358334888,0.0,0.0,0.0,0.0,278.02377641460237,2.1250773595875616,17.6670979495142,0.4147338953859069,2.3665548825430727,233.82801358334888,1.598011336657443,1.0084826182566975,1
561,34,19,205.25776735393904,0.0,0.0,0.0,0.0,212.40689407352863,1.9890605638779035,18.52065966702298,0.4384636707125419,2.417060787240952,205.25776735393904,1.646994064333018,1.088457945138537,1
