unit_id,row,col,area_ha,land_type,slope_deg,disturbance,erosion_risk,biodiversity,human_exposure,dist_water_m,dist_settle_m,dist_source_m,rest_cost,risk_reduction,habitat_gain,water_gain,priority_score,candidate
0,0,0,428.5714,mixed_rural_land,0.501,0.1582,0.0558,0.1827,0.2077,7850.94,11963.04,25706.68,660.3298,56.6773,57.8061,19.7148,0.203229,1
1,0,1,428.5714,mixed_rural_land,0.4162,0.0,0.0528,0.1049,0.2489,8232.34,10497.91,25292.63,455.2712,29.2486,40.0903,17.6063,0.190974,1
2,0,2,428.5714,mixed_rural_land,0.2747,0.3113,0.0654,0.0514,0.2342,8710.28,9147.43,24990.19,772.0881,89.9266,27.9558,15.6279,0.172921,1
3,0,3,428.5714,mixed_rural_land,0.1619,0.043,0.042,0.1096,0.3191,9188.21,7970.1,23396.2,484.9163,41.9291,44.4219,13.1972,0.20529,1
4,0,4,428.5714,mixed_rural_land,0.2528,0.3026,0.0574,0.2364,0.3603,9666.15,7053.15,21659.06,690.9947,97.8557,77.8375,11.7628,0.271284,1
5,0,5,428.5714,mixed_rural_land,0.4141,0.2716,0.0608,0.0417,0.3232,10064.19,6507.61,19927.01,724.8591,89.1897,36.12,10.548,0.187426,1
6,0,6,428.5714,mixed_rural_land,0.5365,0.0765,0.1203,0.2717,0.3253,9799.3,6428.73,18202.15,539.2908,60.6732,95.2853,12.3079,0.312014,1
7,0,7,428.5714,mixed_rural_land,0.5907,0.2932,0.0785,0.2645,0.3672,9534.41,6832.7,16490.25,745.3495,99.7953,99.4246,12.5712,0.28415,1
8,0,8,428.5714,mixed_rural_land,0.5752,0.1273,0.1418,0.1056,0.3277,9269.51,7643.33,14795.81,568.0902,73.9105,68.804,14.7106,0.277113,1
9,0,9,428.5714,mixed_rural_land,0.5158,0.2466,0.0678,0.293,0.3292,9100.07,8748.3,13116.71,675.7426,85.9571,121.0251,14.0277,0.327062,1
10,0,10,428.5714,mixed_rural_land,0.4706,0.1463,0.1159,0.3317,0.2785,9266.69,10050.99,11464.58,612.5481,69.4695,139.4591,14.2517,0.364347,1
11,0,11,428.5714,mixed_rural_land,0.5027,0.2166,0.0784,0.3239,0.1908,9598.13,11484.33,9848.94,635.325,69.8961,148.3689,12.3429,0.362976,1
12,0,12,428.5714,mixed_rural_land,0.603,0.0896,0.04,0.4117,0.2223,9929.57,13005.18,8287.0,601.6347,42.3271,181.2365,10.6478,0.389292,1
13,0,13,428.5714,mixed_rural_land,0.7071,0.0813,0.097,0.273,0.1247,10261.01,14586.2,6798.27,591.0339,40.918,162.0737,10.4682,0.361164,1
14,0,14,428.5714,mixed_rural_land,0.762,0.3015,0.1019,0.2852,0.1858,10566.06,16209.79,5423.97,771.9217,89.3512,179.3358,9.6552,0.360584,1
15,0,15,428.5714,mixed_rural_land,0.7405,0.0759,0.0886,0.4241,0.1765,10178.69,17506.01,4236.49,580.0385,43.0642,226.2249,10.5993,0.482534,1
16,0,16,428.5714,mixed_rural_land,0.6376,0.2838,0.0791,0.4534,0.1651,9791.31,16609.93,3331.15,700.3799,80.7532,245.0982,11.6897,0.48194,1
17,0,17,428.5714,degraded_forest,0.468,0.2187,0.0566,0.6216,0.1747,9403.94,15653.19,2850.89,691.2877,65.6456,291.5466,12.6639,0.535025,1
18,0,18,428.5714,mixed_rural_land,0.2664,0.1674,0.0984,0.5682,0.1823,9016.56,14850.34,2892.93,666.8422,62.6784,278.3345,14.9645,0.533825,1
19,0,19,428.5714,mixed_rural_land,0.134,0.3166,0.1014,0.3979,0.2039,8801.81,14227.45,3453.07,748.1714,93.7571,230.3333,15.9742,0.454528,1
20,0,20,428.5714,mixed_rural_land,0.2329,0.3234,0.0528,0.4029,0.1373,8945.55,13808.9,4407.78,769.3804,82.0556,219.0739,14.3605,0.410057,1
21,0,21,428.5714,mixed_rural_land,0.3497,0.0529,0.0729,0.4806,0.1507,9294.5,13613.55,5635.45,575.097,34.0641,223.056,13.362,0.470324,1
22,0,22,428.5714,mixed_rural_land,0.3942,0.0654,0.1195,0.2443,0.1577,9644.71,13650.97,7028.07,519.0157,44.0535,153.0934,12.8507,0.404607,1
23,0,23,428.5714,mixed_rural_land,0.3523,0.0,0.0912,0.3524,0.1573,9994.92,13919.3,8532.06,542.2373,27.1602,165.2371,11.2087,0.375492,1
24,0,24,428.5714,mixed_rural_land,0.2327,0.1697,0.0717,0.3543,0.1561,10345.13,14405.64,10105.57,566.9013,56.8559,153.7129,9.88,0.388866,1
25,0,25,428.5714,mixed_rural_land,0.0661,0.2078,0.0601,0.3178,0.1126,10695.33,15088.92,11726.29,627.6834,58.7469,134.6033,8.799,0.322056,1
26,0,26,428.5714,mixed_rural_land,0.1474,0.381,0.0232,0.1925,0.1734,11045.54,15943.84,13384.24,829.5383,91.8179,95.9529,7.5571,0.235466,1
27,0,27,428.5714,mixed_rural_land,0.3245,0.0364,0.0462,0.2577,0.1443,11395.75,16944.45,15065.5,535.4408,26.3137,103.4881,7.0652,0.255615,1
28,1,0,428.5714,mixed_rural_land,0.5788,0.1234,0.1152,0.2069,0.2894,5473.32,10869.88,23394.21,570.5553,65.9017,67.3611,42.09,0.307337,1
29,1,1,428.5714,mixed_rural_land,0.529,0.1729,0.1724,0.2102,0.3067,5919.9,9232.89,22947.44,634.9971,85.4824,68.9918,39.7543,0.305873,1
30,1,2,428.5714,mixed_rural_land,0.4726,0.2074,0.1688,0.0742,0.3222,6397.84,7662.61,22616.18,662.7721,92.9316,37.5706,34.5316,0.249005,1
31,1,3,428.5714,mixed_rural_land,0.4877,0.1951,0.1406,0.0312,0.4349,6875.77,6209.87,22397.83,605.8409,95.9991,27.8801,29.1086,0.252521,1
32,1,4,428.5714,mixed_rural_land,0.6011,0.1949,0.1416,0.1628,0.4111,7353.71,4978.65,21207.41,644.8178,94.0612,61.5137,25.4239,0.280698,1
33,1,5,428.5714,mixed_rural_land,0.7557,0.0,0.1206,0.1192,0.4924,7690.75,4170.02,19441.02,469.033,60.2943,55.7067,22.4902,0.29527,1
34,1,6,428.5714,mixed_rural_land,0.8924,0.0267,0.1094,0.1645,0.5543,7425.85,4045.82,17676.05,522.1055,69.0631,71.6951,23.9128,0.315398,1
35,1,7,428.5714,mixed_rural_land,0.9806,0.2627,0.1352,0.0906,0.4567,7160.96,4661.09,15915.66,745.9775,110.0878,60.6279,26.6503,0.264574,1
36,1,8,428.5714,mixed_rural_land,1.0168,0.2779,0.167,0.3091,0.3776,6896.07,5784.5,14161.62,737.4244,110.9988,119.6517,29.8852,0.353305,1
37,1,9,428.5714,mixed_rural_land,1.021,0.0536,0.1672,0.2262,0.3647,6700.1,7181.41,12416.6,553.7664,66.6709,109.0308,31.6141,0.374374,1
38,1,10,428.5714,mixed_rural_land,1.0277,0.2193,0.1463,0.2089,0.3138,6908.39,8721.38,10682.66,688.1901,91.1258,115.503,29.0422,0.34245,1
39,1,11,428.5714,mixed_rural_land,1.0649,0.0,0.1267,0.2625,0.2639,7239.83,10340.69,8957.91,523.4933,41.63,140.6178,25.7825,0.397389,1
40,1,12,428.5714,mixed_rural_land,1.1315,0.3517,0.1249,0.4188,0.2313,7571.27,12007.28,7261.84,744.546,106.3835,192.0054,23.3989,0.432193,1
41,1,13,428.5714,mixed_rural_land,1.1973,0.2003,0.1675,0.521,0.1627,7902.72,13703.91,5594.48,629.9202,77.6923,233.0346,22.4292,0.528886,1
42,1,14,428.5714,mixed_rural_land,1.2238,0.2151,0.0956,0.3886,0.1288,8223.21,14794.79,3990.56,627.4004,66.8634,220.9963,18.702,0.488622,1
43,1,15,428.5714,mixed_rural_land,1.1831,0.2367,0.1022,0.5647,0.1876,7835.84,15186.19,2500.01,695.176,77.062,283.3021,21.0739,0.548693,1
44,1,16,428.5714,degraded_forest,1.0664,0.0,0.1347,0.709,0.1661,7448.46,14709.52,1245.04,497.1531,34.4427,337.3946,24.5345,0.797283,1
45,1,17,428.5714,degraded_forest,0.8858,0.3765,0.1616,0.739,0.2107,7061.09,13619.93,483.96,836.9895,114.9149,357.9311,28.3269,0.598781,1
46,1,18,428.5714,degraded_forest,0.6745,0.0,0.1719,0.7033,0.2052,6673.71,12689.08,554.26,470.3868,43.3699,348.2292,32.033,0.900604,1
47,1,19,428.5714,mixed_rural_land,0.4878,0.2558,0.129,0.5488,0.233,6402.49,11954.1,1418.33,643.3854,88.659,296.7139,32.844,0.650026,1
48,1,20,428.5714,mixed_rural_land,0.3941,0.2092,0.0672,0.5076,0.2736,6590.9,11452.76,2729.48,655.4498,73.875,266.4423,28.7047,0.563006,1
49,1,21,428.5714,mixed_rural_land,0.3981,0.158,0.1079,0.4703,0.2707,6941.11,11216.44,4240.77,636.0014,69.8491,237.059,27.4126,0.52566,1
50,1,22,428.5714,mixed_rural_land,0.4135,0.1252,0.121,0.504,0.2742,7291.32,11261.84,5857.15,636.1255,65.7886,226.1684,25.2227,0.498612,1
51,1,23,428.5714,mixed_rural_land,0.3782,0.2037,0.0535,0.444,0.1832,7641.53,11585.64,7530.86,670.3998,63.0169,195.4736,20.8654,0.416701,1
52,1,24,428.5714,mixed_rural_land,0.2855,0.0,0.0472,0.2793,0.1766,7991.73,12165.63,9232.36,451.98,22.2193,142.4353,18.7138,0.4057,1
53,1,25,428.5714,mixed_rural_land,0.1893,0.26,0.0953,0.368,0.1917,8341.94,12967.48,10959.81,666.1771,80.8758,151.2015,18.0731,0.375501,1
54,1,26,428.5714,mixed_rural_land,0.2298,0.3008,0.0663,0.2866,0.1374,8692.15,13953.0,12695.04,731.0331,79.741,121.7327,15.7299,0.297119,1
55,1,27,428.5714,mixed_rural_land,0.3689,0.3334,0.0465,0.3132,0.1185,9042.35,15086.23,14441.74,792.7641,81.4358,119.3207,13.8472,0.270703,1
56,2,0,428.5714,mixed_rural_land,0.5851,0.0,0.2141,0.1803,0.3245,3129.52,10233.0,21101.3,484.7025,59.9343,65.8784,92.6224,0.450658,1
57,2,1,428.5714,mixed_rural_land,0.5431,0.1792,0.1944,0.0718,0.3154,3607.46,8473.85,20614.56,648.8164,90.7506,41.4577,78.996,0.325523,1
58,2,2,428.5714,mixed_rural_land,0.5146,0.0426,0.1259,0.0939,0.3876,4085.39,6728.71,20245.48,480.5494,60.3313,47.6018,63.4305,0.356599,1
59,2,3,428.5714,mixed_rural_land,0.5729,0.2028,0.2023,0.2712,0.5034,4563.33,5012.24,20007.48,611.9722,112.6095,89.9949,60.6641,0.430197,1
60,2,4,428.5714,mixed_rural_land,0.7225,0.3152,0.1699,0.164,0.5467,5041.26,3368.53,19905.42,783.5335,133.122,64.9975,50.946,0.317875,1
61,2,5,428.5714,mixed_rural_land,0.9026,0.109,0.1483,0.128,0.6602,5317.3,1987.22,19204.54,547.0238,99.8395,58.4262,45.8674,0.37317,1
62,2,6,428.5714,mixed_rural_land,1.0586,0.2611,0.1218,0.1637,0.684,5052.41,1711.32,17420.97,675.9186,127.2523,72.3562,47.8641,0.366128,1
63,2,7,428.5714,mixed_rural_land,1.1613,0.3322,0.1382,0.1625,0.561,4787.51,2878.5,15637.41,719.6212,132.8818,78.6853,52.7028,0.367235,1
64,2,8,428.5714,mixed_rural_land,1.2065,0.0,0.1612,0.2091,0.5469,4522.62,4474.42,13853.87,480.7429,71.0611,97.5422,58.4722,0.472343,1
65,2,9,428.5714,mixed_rural_land,1.213,0.2061,0.1471,0.1251,0.438,4300.15,6175.17,12070.82,654.2579,99.3577,87.1746,61.2484,0.37872,1
66,2,10,428.5714,mixed_rural_land,1.215,0.3037,0.1478,0.3781,0.3839,4550.1,7913.44,10288.69,780.5503,113.6428,158.0472,57.0734,0.421194,1
67,2,11,428.5714,mixed_rural_land,1.2442,0.2638,0.1982,0.273,0.2728,4881.54,9669.01,8508.07,694.8109,103.9878,146.7176,55.1315,0.440173,1
68,2,12,428.5714,mixed_rural_land,1.3055,0.0854,0.1271,0.4564,0.2685,5212.98,11433.93,6730.14,606.0741,58.5617,205.9783,46.0302,0.512429,1
69,2,13,428.5714,mixed_rural_land,1.372,0.2486,0.1714,0.5158,0.234,5544.42,12215.1,4957.82,683.7575,93.7206,239.056,44.2076,0.551342,1
70,2,14,428.5714,mixed_rural_land,1.4031,0.0,0.1255,0.4345,0.1923,5875.86,12432.45,3191.39,543.6567,35.3012,242.5814,38.0074,0.581047,1
71,2,15,428.5714,degraded_forest,1.3649,0.1603,0.1572,0.7054,0.2515,5492.99,12895.75,1438.51,666.1689,76.0528,333.2996,44.0998,0.680687,1
72,2,16,428.5714,degraded_forest,1.2414,0.1223,0.1532,0.7601,0.2184,5105.61,12975.74,0.0,594.4599,65.2929,372.0266,49.0239,0.818126,1
73,2,17,428.5714,degraded_forest,1.0378,0.0345,0.1428,0.7909,0.2677,4718.24,11726.15,0.0,520.9907,51.0198,379.2892,54.0626,0.929713,1
74,2,18,428.5714,degraded_forest,0.7796,0.192,0.1977,0.6683,0.2423,4330.86,10630.74,0.0,682.6659,87.456,350.3895,64.4853,0.735837,1
75,2,19,428.5714,degraded_forest,0.5118,0.3357,0.1324,0.8498,0.3155,4003.98,9741.69,0.0,754.5859,111.6342,393.1749,65.4493,0.755724,1
76,2,20,428.5714,degraded_forest,0.3075,0.2473,0.1416,0.7278,0.3547,4237.51,9119.53,1715.67,657.9231,99.3395,334.0018,61.9336,0.752785,1
77,2,21,428.5714,mixed_rural_land,0.2625,0.223,0.1742,0.5597,0.2849,4587.72,8820.92,3474.01,644.2501,93.5616,268.1809,58.2926,0.651975,1
78,2,22,428.5714,mixed_rural_land,0.3093,0.0534,0.1329,0.391,0.285,4937.92,8878.57,5240.78,542.9536,54.6562,206.3657,50.1546,0.573118,1
79,2,23,428.5714,mixed_rural_land,0.314,0.1551,0.1632,0.2687,0.334,5288.13,9285.85,7014.35,561.4841,83.0198,158.9598,47.0967,0.514843,1
80,2,24,428.5714,mixed_rural_land,0.2473,0.2598,0.1483,0.218,0.3253,5638.34,10000.12,8792.83,710.3359,100.2286,131.4268,41.8477,0.385034,1
81,2,25,428.5714,mixed_rural_land,0.1523,0.2487,0.1116,0.2125,0.2905,5988.55,10961.55,10573.75,657.3802,89.6118,117.0705,36.1611,0.369411,1
82,2,26,428.5714,mixed_rural_land,0.1908,0.2685,0.0954,0.1947,0.2152,6338.75,12111.41,12356.06,679.9242,84.5373,101.9607,32.0344,0.321407,1
83,2,27,428.5714,mixed_rural_land,0.3394,0.0,0.0959,0.1924,0.2143,6688.96,13401.28,14139.22,436.6274,32.7582,92.2535,29.005,0.352742,1
84,3,0,428.5714,mixed_rural_land,0.4226,0.204,0.3016,0.2547,0.3343,817.08,10138.75,18833.69,656.5944,113.25,89.3683,197.1538,0.608857,1
85,3,1,428.5714,mixed_rural_land,0.3208,0.0122,0.3291,0.2545,0.4366,1295.01,8359.8,18289.71,532.9811,89.1465,90.9481,176.8605,0.669733,1
86,3,2,428.5714,mixed_rural_land,0.2163,0.2116,0.2732,0.2282,0.4021,1772.95,6584.49,17882.6,615.8163,116.2637,86.0557,145.6256,0.565014,1
87,3,3,428.5714,mixed_rural_land,0.2974,0.0563,0.2821,0.2347,0.5598,2250.88,4816.9,17619.77,539.5796,101.157,88.4383,128.2483,0.589058,1
88,3,4,428.5714,mixed_rural_land,0.5109,0.3601,0.2495,0.205,0.638,2728.82,3070.34,17506.16,813.0783,161.5666,81.8188,108.0311,0.432205,1
89,3,5,428.5714,mixed_rural_land,0.7228,0.1294,0.2004,0.0701,0.7574,2943.85,1424.44,17544.09,565.5046,119.9417,49.8881,96.1469,0.470335,1
90,3,6,428.5714,mixed_rural_land,0.8778,0.0802,0.2525,0.1567,0.7483,2678.96,1004.3,17442.4,576.2119,117.4917,70.6417,109.9444,0.517306,1
91,3,7,428.5714,mixed_rural_land,0.9477,0.3805,0.2994,0.0751,0.7031,2414.06,2523.05,15660.69,822.7706,178.5596,57.9729,124.6288,0.438957,1
92,3,8,428.5714,mixed_rural_land,0.9253,0.1858,0.2743,0.1628,0.5597,2149.17,4254.46,13880.01,599.5874,124.9566,86.5122,130.9331,0.571063,1
93,3,9,428.5714,mixed_rural_land,0.8296,0.1081,0.2575,0.1579,0.4356,1900.34,6017.7,12100.8,600.9404,96.8083,94.7239,138.0832,0.548499,1
94,3,10,428.5714,mixed_rural_land,0.715,0.3937,0.3081,0.3411,0.4155,2191.8,7791.18,10323.85,813.3123,157.7695,149.0874,134.007,0.54206,1
95,3,11,428.5714,mixed_rural_land,0.6727,0.0341,0.2811,0.389,0.2822,2523.24,9569.21,8550.56,476.7017,72.9159,173.7145,118.5157,0.765985,1
96,3,12,428.5714,mixed_rural_land,0.7588,0.3088,0.2515,0.4272,0.2762,2854.68,9870.61,6782.85,701.6097,120.9458,198.5648,104.4465,0.604263,1
97,3,13,428.5714,mixed_rural_land,0.9161,0.3225,0.178,0.4287,0.3147,3186.12,9818.79,5017.1,757.2739,115.8793,217.8176,87.4038,0.556074,1
98,3,14,428.5714,mixed_rural_land,1.0552,0.1422,0.1883,0.6184,0.2815,3517.56,10087.9,3267.91,603.4699,79.8038,284.8582,80.475,0.737629,1
99,3,15,428.5714,mixed_rural_land,1.118,0.0,0.1843,0.6015,0.3287,3150.14,10653.66,1544.07,492.9256,55.8287,307.0435,88.9663,0.916646,1
100,3,16,428.5714,degraded_forest,1.0792,0.1992,0.2786,0.7202,0.2949,2762.76,11472.26,0.0,639.8323,105.4863,362.6126,110.3837,0.904116,1
101,3,17,428.5714,degraded_forest,0.9419,0.304,0.2239,0.8785,0.3643,2375.39,10050.99,0.0,788.4666,123.4564,399.937,116.1739,0.811153,1
102,3,18,428.5714,degraded_forest,0.7361,0.1842,0.2359,0.8833,0.3729,1988.01,8748.3,0.0,605.2152,102.8797,401.0598,131.5209,1.049974,1
103,3,19,428.5714,degraded_forest,0.5239,0.2531,0.2731,0.7892,0.3625,1609.93,7643.33,152.73,692.4659,120.8554,375.954,152.5545,0.937756,1
104,3,20,428.5714,degraded_forest,0.4082,0.2729,0.287,0.6537,0.3862,1884.12,6832.7,1815.16,660.0874,128.7844,314.9242,143.1523,0.889065,1
105,3,21,428.5714,mixed_rural_land,0.4423,0.3178,0.2129,0.58,0.4503,2234.32,6428.73,3545.38,699.6915,131.8215,271.9963,119.4576,0.747866,1
106,3,22,428.5714,mixed_rural_land,0.5147,0.4651,0.1876,0.53,0.4181,2584.53,6507.61,5299.22,883.0998,153.6821,238.457,104.9687,0.562912,1
107,3,23,428.5714,mixed_rural_land,0.5287,0.278,0.1964,0.2788,0.4401,2934.74,7053.15,7065.47,678.0386,120.7932,160.8726,95.9549,0.556931,1
108,3,24,428.5714,mixed_rural_land,0.4592,0.3545,0.2031,0.3034,0.3765,3284.95,7970.1,8833.95,764.7827,131.1115,151.245,87.4954,0.483604,1
109,3,25,428.5714,mixed_rural_land,0.3255,0.2444,0.1792,0.3632,0.3569,3635.15,9147.43,10607.97,632.5505,104.6055,152.3761,76.9846,0.527968,1
110,3,26,428.5714,mixed_rural_land,0.1982,0.0673,0.1229,0.1602,0.2613,3985.36,10497.91,12385.35,545.0492,53.8003,93.6561,65.0174,0.389825,1
111,3,27,428.5714,mixed_rural_land,0.2257,0.0644,0.1632,0.0927,0.2833,4335.57,11963.04,14164.83,582.0531,61.1727,68.6429,61.8277,0.329254,1
112,4,0,428.5714,mixed_rural_land,0.5107,0.1217,0.2566,0.1643,0.3338,1495.36,10601.62,16588.17,545.0861,90.5594,75.4464,154.8575,0.588647,1
113,4,1,428.5714,mixed_rural_land,0.4575,0.2338,0.3316,0.0947,0.4114,1017.43,8915.5,15985.29,681.7151,130.091,61.3284,191.943,0.56235,1
114,4,2,428.5714,mixed_rural_land,0.4229,0.3738,0.3199,0.1596,0.446,539.49,7277.06,15531.11,792.3664,158.3157,78.4239,217.4587,0.573217,1
115,4,3,428.5714,mixed_rural_land,0.5006,0.2384,0.4185,0.0933,0.5107,61.56,5727.35,15235.91,659.9544,152.5283,64.0264,274.1766,0.743584,1
116,4,4,428.5714,mixed_rural_land,0.677,0.3031,0.3494,0.0899,0.6269,416.38,4361.99,15107.14,758.6294,164.5902,63.7662,231.9751,0.606794,1
117,4,5,428.5714,mixed_rural_land,0.8679,0.1533,0.3368,0.1616,0.6275,570.4,3410.14,15148.33,640.512,133.873,80.4818,219.2324,0.676938,1
118,4,6,428.5714,mixed_rural_land,1.0085,0.1307,0.3773,0.161,0.6641,305.51,3257.09,15358.61,579.0352,138.7177,79.4767,246.01,0.801686,1
119,4,7,428.5714,mixed_rural_land,1.06,0.3326,0.4395,0.2979,0.5994,40.62,3995.72,15732.81,751.9848,181.4344,110.2223,281.1556,0.761734,1
120,4,8,428.5714,mixed_rural_land,1.0062,0.3813,0.4103,0.1215,0.5542,224.28,5263.12,14246.51,745.1373,182.5796,75.043,259.7366,0.694314,1
121,4,9,428.5714,mixed_rural_land,0.8597,0.2245,0.3665,0.2701,0.442,489.17,6768.51,12512.05,655.8407,136.1557,118.8593,231.0078,0.741068,1
122,4,10,428.5714,mixed_rural_land,0.68,0.2699,0.4422,0.1531,0.4408,166.5,8384.66,10784.58,715.8634,156.1757,101.6849,271.901,0.740032,1
123,4,11,428.5714,riparian_buffer,0.6118,0.5759,0.4251,0.3904,0.4239,164.94,7971.64,9078.96,961.8145,211.1603,169.816,267.8097,0.674544,1
124,4,12,428.5714,riparian_buffer,0.7764,0.3415,0.3309,0.4045,0.4681,496.38,7493.27,7398.55,804.2676,155.6197,187.3849,222.6048,0.70326,1
125,4,13,428.5714,riparian_buffer,1.0673,0.2255,0.3118,0.4052,0.4174,827.82,7424.87,5763.38,633.0101,126.0469,203.8919,198.6132,0.834982,1
126,4,14,428.5714,riparian_buffer,1.3541,0.4347,0.3776,0.4235,0.4141,1159.26,7777.26,4195.48,886.3551,175.9727,226.5875,192.8103,0.671707,1
127,4,15,428.5714,riparian_buffer,1.5695,0.2889,0.3504,0.4498,0.4417,807.29,8498.26,2757.51,770.2618,146.123,252.4011,207.654,0.786977,1
128,4,16,428.5714,riparian_buffer,1.6864,0.3532,0.396,0.5653,0.4136,419.92,9504.35,1568.35,778.3199,162.9725,298.1056,242.3558,0.903785,1
129,4,17,428.5714,riparian_buffer,1.7079,0.4891,0.4622,0.7402,0.3946,32.54,8721.38,873.32,937.3538,197.4655,351.2048,287.5831,0.892143,1
130,4,18,428.5714,riparian_buffer,1.6631,0.4773,0.4351,0.6769,0.4493,354.84,7181.41,941.39,854.15,195.8232,335.0734,255.9859,0.921246,1
131,4,19,428.5714,riparian_buffer,1.5957,0.5584,0.4056,0.7457,0.5193,742.21,5784.5,1736.53,990.2935,213.0537,337.8748,223.0487,0.781563,1
132,4,20,428.5714,riparian_buffer,1.5419,0.3269,0.4195,0.4654,0.6174,469.28,4661.09,2972.1,817.1774,178.8932,252.9823,244.2528,0.827395,1
133,4,21,428.5714,abandoned_mine,1.5067,0.6906,0.4191,0.4361,0.5861,119.07,4045.82,4440.54,1058.8255,246.2791,226.5083,269.8499,0.701378,1
134,4,22,428.5714,riparian_buffer,1.463,0.3247,0.4347,0.4938,0.5573,231.14,4170.02,6021.66,782.8874,175.6056,222.0025,265.1153,0.846512,1
135,4,23,428.5714,riparian_buffer,1.3755,0.4466,0.3445,0.4268,0.5423,581.34,4978.65,7665.96,801.8067,184.2792,190.1975,220.2287,0.741707,1
136,4,24,428.5714,mixed_rural_land,1.2259,0.2775,0.3498,0.2145,0.4548,931.55,6209.87,9349.85,771.0216,144.9804,126.2783,200.3015,0.611604,1
137,4,25,428.5714,mixed_rural_land,1.0245,0.3384,0.3032,0.354,0.441,1281.76,7662.61,10923.63,787.2506,148.5382,148.131,172.9125,0.596483,1
138,4,26,428.5714,mixed_rural_land,0.8081,0.1211,0.2501,0.2836,0.3966,1631.97,9232.89,11438.49,596.8406,94.8576,128.2919,147.884,0.621663,1
139,4,27,428.5714,mixed_rural_land,0.6305,0.2941,0.2877,0.3388,0.3365,1982.17,10869.88,12132.4,707.9132,128.7216,137.1896,139.294,0.572394,1
140,5,0,428.5714,mixed_rural_land,1.0259,0.1106,0.2096,0.2357,0.2427,3807.81,11554.84,14391.83,588.7807,73.5691,101.2835,75.91,0.425902,1
141,5,1,428.5714,mixed_rural_land,1.0993,0.1565,0.2307,0.1995,0.3028,3329.87,10030.26,13712.68,659.6741,90.732,95.9807,89.1144,0.418126,1
142,5,2,428.5714,mixed_rural_land,1.1895,0.1855,0.2165,0.1922,0.3426,2851.94,8606.72,13196.44,630.4304,97.6032,96.8348,100.5397,0.467899,1
143,5,3,428.5714,mixed_rural_land,1.3271,0.0523,0.3136,0.305,0.3947,2374.0,7343.19,12858.06,554.0488,90.9646,125.1956,127.9275,0.621042,1
144,5,4,428.5714,mixed_rural_land,1.5128,0.0714,0.3419,0.2452,0.4415,1896.07,6336.17,12708.48,582.6924,102.8923,111.917,150.8673,0.627564,1
145,5,5,428.5714,mixed_rural_land,1.7162,0.2247,0.2833,0.2888,0.5081,1803.04,5722.68,12754.17,713.6996,129.3808,121.9353,145.9278,0.556598,1
146,5,6,428.5714,mixed_rural_land,1.8957,0.1035,0.2987,0.222,0.4579,2067.94,5632.82,12993.65,548.0228,104.023,104.9208,137.4872,0.632147,1
147,5,7,428.5714,mixed_rural_land,2.0172,0.1612,0.2688,0.2495,0.4836,2332.83,6089.81,13418.54,625.3689,112.8423,109.2229,123.515,0.552602,1
148,5,8,428.5714,abandoned_mine,2.0671,0.6386,0.2976,0.2255,0.4511,2597.72,6987.16,14015.18,1033.1934,206.4633,100.649,118.0372,0.411491,1
149,5,9,428.5714,mixed_rural_land,2.059,0.2406,0.2635,0.2792,0.392,2856.24,8181.24,13263.85,738.565,119.5332,117.0142,105.7635,0.463481,1
150,5,10,428.5714,mixed_rural_land,2.0354,0.41,0.2784,0.115,0.4296,2524.8,6896.56,11632.31,812.0175,157.6464,87.3744,118.1258,0.447215,1
151,5,11,428.5714,mixed_rural_land,2.0552,0.4566,0.2654,0.2515,0.4774,2193.36,5812.66,10033.46,905.2703,168.7902,129.9925,128.0672,0.471517,1
152,5,12,428.5714,mixed_rural_land,2.1608,0.5448,0.3669,0.4251,0.5033,1752.61,5137.03,8494.88,992.7541,203.2475,182.6832,161.0856,0.551009,1
153,5,13,428.5714,mixed_rural_land,2.3462,0.4236,0.4626,0.3161,0.596,489.92,5036.73,7037.77,892.5803,202.1762,169.9175,252.4412,0.699696,1
154,5,14,428.5714,mixed_rural_land,2.5613,0.3536,0.4133,0.2751,0.5412,772.77,5543.08,5702.84,767.7395,176.5777,173.8712,222.6871,0.746524,1
155,5,15,428.5714,mixed_rural_land,2.7455,0.4872,0.3305,0.5399,0.5022,1535.56,6516.17,4558.39,879.8323,186.5882,249.5253,165.3567,0.683619,1
156,5,16,428.5714,mixed_rural_land,2.855,0.5686,0.3659,0.4824,0.3965,1922.93,7782.85,3698.55,1007.4054,198.5428,246.9455,153.2863,0.594373,1
157,5,17,428.5714,mixed_rural_land,2.8749,0.5555,0.28,0.5539,0.378,2310.31,7913.44,3246.62,1009.9279,181.5341,269.9486,125.8054,0.571613,1
158,5,18,428.5714,mixed_rural_land,2.8195,0.6066,0.2664,0.5757,0.4886,2697.69,6175.17,3288.48,1055.0288,198.8246,274.5121,111.0043,0.553863,1
159,5,19,428.5714,mixed_rural_land,2.7217,0.6175,0.2386,0.5724,0.5755,3085.06,4474.42,3814.66,987.2914,204.216,266.6264,96.4139,0.574558,1
160,5,20,428.5714,mixed_rural_land,2.614,0.5615,0.2875,0.4008,0.6464,2822.67,2878.5,4727.97,972.106,206.8087,214.685,109.5315,0.546263,1
161,5,21,428.5714,mixed_rural_land,2.5079,0.5668,0.347,0.3765,0.7258,2472.46,1711.32,5906.07,983.9758,223.5651,195.5968,128.6046,0.556687,1
162,5,22,428.5714,mixed_rural_land,2.3877,0.5193,0.3355,0.2961,0.6751,2122.26,1987.22,7266.04,904.3597,208.3444,163.0489,140.5385,0.566071,1
163,5,23,428.5714,mixed_rural_land,2.2251,0.5115,0.34,0.2742,0.6053,1772.05,3368.53,8100.08,882.8766,201.5202,150.433,156.0175,0.575359,1
164,5,24,428.5714,mixed_rural_land,2.0018,0.246,0.3809,0.2091,0.5069,1421.84,5012.24,8228.71,673.5999,148.0156,133.9936,179.4361,0.685043,1
165,5,25,428.5714,mixed_rural_land,1.7238,0.4701,0.3241,0.344,0.4279,1071.63,6728.71,8598.76,909.8704,175.9531,162.7023,187.5774,0.57836,1
166,5,26,428.5714,mixed_rural_land,1.4227,0.3384,0.3588,0.2205,0.3566,721.43,8473.85,9202.52,811.972,149.6388,128.8152,214.5785,0.607204,1
167,5,27,428.5714,riparian_buffer,1.1453,0.2799,0.3845,0.3891,0.3856,371.22,10233.0,10008.95,715.4748,144.7131,162.5908,243.0924,0.769274,1
168,6,0,428.5714,mixed_rural_land,1.5345,0.2259,0.179,0.1031,0.1742,6120.25,12890.09,12245.69,732.5603,85.3564,80.9758,37.8401,0.278711,1
169,6,1,428.5714,mixed_rural_land,1.6955,0.093,0.1467,0.1888,0.2695,5642.31,11543.23,11469.84,551.2487,63.0464,105.759,41.719,0.381905,1
170,6,2,428.5714,mixed_rural_land,1.8648,0.366,0.2361,0.3191,0.2872,5164.38,10330.32,10874.35,754.4084,130.6172,140.2164,53.081,0.429363,1
171,6,3,428.5714,mixed_rural_land,2.0629,0.0,0.1865,0.18,0.3517,4686.44,9303.9,10484.04,499.14,58.1255,110.0176,57.5069,0.452078,1
172,6,4,428.5714,mixed_rural_land,2.2926,0.0757,0.2556,0.3464,0.3336,4211.87,8531.53,10310.46,546.4396,81.5397,150.4233,71.1912,0.554781,1
173,6,5,428.5714,mixed_rural_land,2.5342,0.2505,0.1933,0.2946,0.3226,4176.49,8086.35,10362.7,734.8648,104.947,137.86,67.0509,0.421653,1
174,6,6,428.5714,mixed_rural_land,2.7541,0.5199,0.214,0.1904,0.3102,4441.38,8023.01,10644.38,961.5219,158.9428,111.3892,63.661,0.347359,1
175,6,7,428.5714,mixed_rural_land,2.9193,0.342,0.241,0.1239,0.3633,4706.28,8350.2,11140.15,753.0247,133.2512,92.5038,60.83,0.380579,1
176,6,8,428.5714,mixed_rural_land,3.0111,0.4922,0.2503,0.2788,0.365,4971.17,8718.15,11825.24,904.1767,163.7543,124.8265,56.9761,0.382178,1
177,6,9,428.5714,mixed_rural_land,3.0338,0.3839,0.2238,0.1043,0.3586,4562.72,7033.89,12678.28,875.3181,138.3384,78.8541,62.1789,0.319166,1
178,6,10,428.5714,mixed_rural_land,3.0176,0.3623,0.2577,0.1341,0.4664,3109.62,5415.03,12796.61,798.1758,148.5042,85.2603,97.7589,0.415351,1
179,6,11,428.5714,mixed_rural_land,3.0101,0.4198,0.3399,0.2131,0.6185,1656.53,3942.97,11334.83,881.2444,184.9729,112.3248,161.2406,0.520331,1
180,6,12,428.5714,riparian_buffer,3.0547,0.4665,0.5186,0.3559,0.6872,203.43,2854.65,9950.37,879.7712,226.6576,155.1929,287.566,0.760898,1
181,6,13,428.5714,mixed_rural_land,3.1629,0.5163,0.4444,0.3578,0.6973,1207.13,2669.95,8676.31,905.4792,226.0107,165.3394,202.3671,0.655694,1
182,6,14,428.5714,mixed_rural_land,3.3045,0.4321,0.3702,0.375,0.5937,2469.82,3533.52,7549.55,877.5839,189.7483,179.0521,131.6498,0.570259,1
183,6,15,428.5714,mixed_rural_land,3.426,0.5005,0.2884,0.2396,0.4765,3732.51,4921.43,6626.08,969.1429,180.6209,155.9045,84.5365,0.434468,1
184,6,16,428.5714,mixed_rural_land,3.4793,0.5178,0.2113,0.3504,0.4202,4265.78,6506.36,5966.18,914.3407,167.5817,188.7932,66.7346,0.462748,1
185,6,17,428.5714,mixed_rural_land,3.4436,0.5494,0.1998,0.4539,0.4015,4653.16,7791.18,5632.93,926.9947,170.324,216.8009,58.9551,0.481211,1
186,6,18,428.5714,abandoned_mine,3.332,0.7186,0.2025,0.2799,0.3982,5040.53,6017.7,5663.22,1123.7719,203.0933,175.4479,52.9469,0.383964,1
187,6,19,428.5714,abandoned_mine,3.1834,0.7832,0.2327,0.2593,0.4971,5427.91,4254.46,6052.13,1100.1152,228.5567,166.4049,49.043,0.403598,1
188,6,20,428.5714,mixed_rural_land,3.04,0.5688,0.1887,0.2756,0.6022,5176.07,2523.05,6756.32,1018.659,189.6107,163.0895,50.1227,0.395444,1
189,6,21,428.5714,abandoned_mine,2.9189,0.8619,0.2008,0.3625,0.753,4825.86,1004.3,6341.56,1181.5926,260.8813,187.7453,56.1834,0.427228,1
190,6,22,428.5714,mixed_rural_land,2.8,0.5844,0.2241,0.3662,0.7264,4475.65,1424.44,5866.91,1000.6844,208.5754,193.5726,63.7651,0.465594,1
191,6,23,428.5714,mixed_rural_land,2.6425,0.4464,0.2416,0.3843,0.5573,4125.44,3070.34,5700.11,907.2097,170.0944,199.6556,71.8568,0.486775,1
192,6,24,428.5714,mixed_rural_land,2.4152,0.5223,0.2308,0.5094,0.5435,3775.24,4816.9,5855.13,919.2921,181.9208,227.459,78.4751,0.530685,1
193,6,25,428.5714,mixed_rural_land,2.1163,0.199,0.2178,0.3338,0.4609,3425.03,6584.49,6317.49,679.2739,110.5503,181.2242,85.4844,0.555386,1
194,6,26,428.5714,mixed_rural_land,1.7756,0.3265,0.2523,0.3754,0.3321,3074.82,8359.8,7039.57,779.3768,129.2763,183.868,98.1624,0.527738,1
195,6,27,428.5714,mixed_rural_land,1.4432,0.1471,0.2789,0.4283,0.2862,2724.61,10138.75,7990.53,654.6389,94.7393,187.6905,111.6305,0.601951,1
196,7,0,428.5714,mixed_rural_land,1.8719,0.0733,0.1578,0.2658,0.1706,8432.69,14502.22,10188.4,615.7196,52.4178,132.2694,19.0529,0.330898,1
197,7,1,428.5714,mixed_rural_land,2.087,0.3307,0.1219,0.4032,0.2395,7954.76,13319.39,9290.73,757.2316,102.5923,171.2,20.8901,0.389157,1
198,7,2,428.5714,mixed_rural_land,2.2929,0.1873,0.1743,0.1926,0.2486,7476.82,12283.14,8591.68,630.643,83.5815,127.0762,25.5392,0.374533,1
199,7,3,428.5714,mixed_rural_land,2.5086,0.0786,0.144,0.4241,0.2326,6998.89,11433.39,8118.07,544.8479,56.6901,185.6139,28.2202,0.496513,1
200,7,4,428.5714,mixed_rural_land,2.7421,0.3153,0.214,0.2451,0.2512,6571.14,10814.2,7913.27,821.056,114.4265,145.1872,34.6418,0.358387,1
201,7,5,428.5714,mixed_rural_land,2.9814,0.5677,0.1898,0.4094,0.2586,6551.7,10466.57,7976.36,963.8413,160.1146,183.3671,33.8773,0.391516,1
202,7,6,428.5714,mixed_rural_land,3.1968,0.2258,0.2434,0.1934,0.3016,6814.83,10417.71,8314.78,698.9385,105.9109,129.569,33.3913,0.384685,1
203,7,7,428.5714,mixed_rural_land,3.3531,0.5395,0.2427,0.3171,0.2294,6073.94,10109.12,8897.83,914.7145,160.1228,153.9613,41.233,0.388446,1
204,7,8,428.5714,abandoned_mine,3.4239,0.6807,0.2889,0.3221,0.3583,4620.84,8323.83,9701.69,1028.684,205.3122,149.0315,65.6211,0.408254,1
205,7,9,428.5714,mixed_rural_land,3.4044,0.5877,0.3364,0.1739,0.4171,3167.75,6538.77,10683.39,972.0923,199.5556,107.2541,104.3332,0.422946,1
206,7,10,428.5714,mixed_rural_land,3.3178,0.5967,0.3773,0.2433,0.5522,1714.65,4754.21,11808.75,990.3659,219.0001,116.5637,164.4786,0.504907,1
207,7,11,428.5714,mixed_rural_land,3.213,0.4882,0.4694,0.2495,0.6969,261.56,2971.03,12888.83,921.9803,224.2999,111.968,271.1041,0.658769,1
208,7,12,428.5714,mixed_rural_land,3.1467,0.5646,0.3917,0.1421,0.8297,1191.54,1195.42,11654.01,952.3942,238.7711,93.6369,193.6314,0.552334,1
209,7,13,428.5714,abandoned_mine,3.1508,0.7332,0.2874,0.3518,0.8365,2644.63,639.24,10540.87,1160.1071,256.2068,150.1412,115.238,0.449602,1
210,7,14,428.5714,mixed_rural_land,3.2076,0.4254,0.2405,0.3218,0.6554,4097.73,2401.2,9582.12,916.3507,174.3055,149.8356,72.3453,0.43268,1
211,7,15,428.5714,abandoned_mine,3.2602,0.6935,0.1808,0.2443,0.5391,5429.57,4183.36,8819.09,1127.7733,207.0786,137.4282,46.195,0.346436,1
212,7,16,428.5714,mixed_rural_land,3.2488,0.5058,0.178,0.1849,0.3842,6608.63,5967.64,8290.35,900.7963,157.1743,127.7586,32.8715,0.352804,1
213,7,17,428.5714,mixed_rural_land,3.1448,0.6027,0.185,0.2846,0.3809,6996.01,7752.58,8027.4,1024.3745,176.6253,153.5096,29.672,0.351246,1
214,7,18,428.5714,abandoned_mine,2.9659,0.6708,0.1629,0.3091,0.3296,7383.38,6768.51,7488.25,1037.6782,182.0512,164.066,25.8728,0.358483,1
215,7,19,428.5714,abandoned_mine,2.7718,0.7187,0.1451,0.4023,0.4563,7770.76,5263.12,6183.5,1109.2036,199.4784,198.7364,22.6659,0.379444,1
216,7,20,428.5714,mixed_rural_land,2.6321,0.6101,0.1559,0.351,0.5028,7529.46,3995.72,5041.64,1011.2501,184.1466,199.2319,24.6067,0.403446,1
217,7,21,428.5714,abandoned_mine,2.5747,0.6636,0.2018,0.3902,0.5301,7179.25,3257.09,4127.23,1010.3161,203.6973,219.6257,28.7154,0.447423,1
218,7,22,428.5714,mixed_rural_land,2.5585,0.5226,0.1387,0.6025,0.58,6829.04,3410.14,3522.86,936.1777,171.3023,277.6081,29.4316,0.510952,1
219,7,23,428.5714,mixed_rural_land,2.507,0.4956,0.1721,0.4711,0.5165,6478.84,4361.99,3300.19,889.3064,165.6636,249.6829,33.8755,0.505138,1
220,7,24,428.5714,mixed_rural_land,2.362,0.5594,0.1913,0.5092,0.4186,6128.63,5727.35,3505.51,969.4907,172.4573,255.8516,38.2967,0.481289,1
221,7,25,428.5714,mixed_rural_land,2.11,0.3377,0.1831,0.3906,0.3933,5778.42,7277.06,4096.69,769.7122,126.3053,220.0903,41.924,0.5045,1
222,7,26,428.5714,mixed_rural_land,1.7806,0.1699,0.2246,0.5311,0.3049,5428.21,8915.5,4999.09,620.3559,92.5907,242.1669,48.5999,0.617964,1
223,7,27,428.5714,mixed_rural_land,1.4315,0.1452,0.1526,0.293,0.3071,5079.09,10601.62,6135.1,602.7134,77.2145,173.4847,49.3561,0.497841,1
224,8,0,428.5714,mixed_rural_land,2.0272,0.2029,0.1225,0.3016,0.113,10745.14,16309.33,8261.01,652.167,67.1958,155.5152,9.4203,0.355938,1
225,8,1,428.5714,mixed_rural_land,2.2497,0.2283,0.1129,0.3296,0.128,10267.2,15267.16,7203.81,717.12,71.9397,171.5198,10.6674,0.354371,1
226,8,2,428.5714,mixed_rural_land,2.4315,0.2127,0.1839,0.4856,0.1626,9789.27,14372.04,6356.47,729.988,82.5334,216.604,13.3414,0.42806,1
227,8,3,428.5714,mixed_rural_land,2.5958,0.3284,0.1188,0.4044,0.2233,9311.33,13652.93,5778.33,794.4696,100.2802,203.5385,14.1221,0.400193,1
228,8,4,428.5714,mixed_rural_land,2.7645,0.389,0.1527,0.4378,0.1493,8952.09,13138.76,5516.16,826.1497,110.7341,214.2963,16.3252,0.413188,1
229,8,5,428.5714,mixed_rural_land,2.9425,0.4227,0.2208,0.4927,0.2036,8207.8,12854.14,5599.74,816.1489,132.0792,226.3041,21.8699,0.465912,1
230,8,6,428.5714,mixed_rural_land,3.1096,0.4759,0.2429,0.4098,0.2346,6541.11,12094.63,6019.15,940.3078,148.3187,202.2246,36.0862,0.411173,1
231,8,7,428.5714,mixed_rural_land,3.2284,0.4884,0.2744,0.2564,0.3006,4874.42,10343.81,6732.01,949.3504,161.1208,158.8083,60.1086,0.400313,1
232,8,8,428.5714,abandoned_mine,3.2608,0.6288,0.3142,0.4076,0.3565,3243.53,8607.33,7691.95,1005.9322,198.9747,185.4456,99.8467,0.481411,1
233,8,9,428.5714,abandoned_mine,3.1859,0.7824,0.3451,0.3311,0.4457,1772.78,6896.05,8831.26,1167.9099,240.8484,157.7844,156.7758,0.475558,1
234,8,10,428.5714,abandoned_mine,3.0141,0.6217,0.4152,0.2475,0.5003,319.68,5234.74,10110.27,1000.223,225.0593,128.5139,253.9186,0.607356,1
235,8,11,428.5714,abandoned_mine,2.7929,0.7404,0.3515,0.3384,0.6006,1133.41,3691.48,11492.38,1071.6035,246.9859,140.889,189.3858,0.538689,1
236,8,12,428.5714,mixed_rural_land,2.597,0.5684,0.2948,0.2185,0.6531,2586.51,2495.8,12948.27,921.1416,209.8164,104.3391,118.0727,0.469231,1
237,8,13,428.5714,mixed_rural_land,2.4914,0.5097,0.2842,0.2355,0.6354,4039.61,2282.24,12554.92,964.6311,195.3836,110.4528,77.0966,0.396973,1
238,8,14,428.5714,mixed_rural_land,2.4787,0.4791,0.1496,0.3161,0.5976,5492.7,3250.5,11728.37,919.1955,166.0723,134.1948,43.6983,0.374203,1
239,8,15,428.5714,mixed_rural_land,2.4895,0.5537,0.1509,0.2041,0.4984,6945.8,4722.34,11007.45,959.6907,172.148,112.2604,28.8957,0.326464,1
240,8,16,428.5714,mixed_rural_land,2.4356,0.513,0.2051,0.3045,0.3995,8389.32,6357.1,9333.57,966.8747,163.9528,147.6039,20.3981,0.343328,1
241,8,17,428.5714,mixed_rural_land,2.2668,0.4604,0.1451,0.4183,0.2667,9338.86,8056.21,7703.47,929.5327,133.4114,187.8737,14.4815,0.361221,1
242,8,18,428.5714,mixed_rural_land,2.0019,0.4527,0.1628,0.4541,0.2997,9726.23,8181.24,6115.97,918.6064,137.4073,211.6605,13.247,0.394418,1
243,8,19,428.5714,mixed_rural_land,1.7398,0.5081,0.0995,0.3525,0.3881,10113.61,6987.16,4609.01,955.707,146.1643,204.726,10.953,0.378613,1
244,8,20,428.5714,mixed_rural_land,1.6291,0.4522,0.1658,0.5554,0.4008,9882.85,6089.81,3225.85,869.4782,146.4255,270.5998,12.712,0.494247,1
245,8,21,428.5714,degraded_forest,1.7295,0.4462,0.0925,0.6587,0.375,9532.64,5632.82,2050.19,835.9547,132.0593,312.378,12.8131,0.54698,1
246,8,22,428.5714,degraded_forest,1.9247,0.4416,0.1334,0.6351,0.4073,9182.44,5722.68,1220.55,893.6817,140.0792,320.3933,14.9243,0.531953,1
247,8,23,428.5714,abandoned_mine,2.0604,0.6604,0.1582,0.6823,0.3932,8832.23,6336.17,900.71,983.2207,184.7901,337.0741,17.0065,0.548067,1
248,8,24,428.5714,mixed_rural_land,2.0499,0.3114,0.1553,0.5459,0.3197,8482.02,7343.19,1196.49,804.96,110.7545,299.7801,18.7297,0.533274,1
249,8,25,428.5714,mixed_rural_land,1.8784,0.1648,0.1104,0.5608,0.3455,8131.82,8606.72,2007.64,614.8497,77.9411,289.9672,19.5698,0.6302,1
250,8,26,428.5714,mixed_rural_land,1.5822,0.1768,0.1117,0.4468,0.2873,7781.61,10030.26,3172.93,652.5506,75.4675,245.7346,21.6665,0.525428,1
251,8,27,428.5714,mixed_rural_land,1.2281,0.1866,0.0962,0.5435,0.2104,7453.67,11554.84,4551.64,697.8435,68.4505,250.4489,23.3217,0.490398,1
252,9,0,428.5714,mixed_rural_land,2.0851,0.1895,0.0938,0.2678,0.1489,13057.58,18253.61,6540.3,702.3885,63.3834,163.4092,4.6884,0.329563,1
253,9,1,428.5714,mixed_rural_land,2.2592,0.3382,0.0895,0.3669,0.1233,12579.64,17328.77,5278.15,792.9174,89.2335,200.2452,5.3442,0.37182,1
254,9,2,428.5714,mixed_rural_land,2.3411,0.2832,0.1558,0.3862,0.107,12101.71,16545.56,4225.89,759.0166,87.167,217.4273,6.663,0.41008,1
255,9,3,428.5714,mixed_rural_land,2.3589,0.1658,0.0903,0.587,0.1455,10679.63,15924.9,3470.68,652.5063,57.9858,274.668,9.2062,0.523918,1
256,9,4,428.5714,mixed_rural_land,2.36,0.2093,0.1351,0.5995,0.1854,9012.94,15486.35,3119.05,674.6363,76.5224,282.4951,15.6986,0.555434,1
257,9,5,428.5714,mixed_rural_land,2.3906,0.3142,0.1204,0.5717,0.212,7346.25,14431.33,3229.08,823.3978,96.8238,274.3898,24.8118,0.480965,1
258,9,6,428.5714,mixed_rural_land,2.4638,0.5221,0.2193,0.3922,0.2183,5679.56,12751.47,3789.54,888.83,152.3033,224.4783,44.9642,0.474495,1
259,9,7,428.5714,abandoned_mine,2.5458,0.6871,0.2482,0.4222,0.2347,4012.87,11104.7,4700.5,1114.127,189.8547,220.0474,74.7451,0.435002,1
260,9,8,428.5714,abandoned_mine,2.5756,0.6219,0.3442,0.389,0.3459,2346.18,9508.22,5860.1,1040.0229,201.2244,199.024,132.9645,0.512693,1
261,9,9,428.5714,abandoned_mine,2.4991,1.0,0.3983,0.2852,0.4462,679.5,7992.22,7195.94,1306.3725,290.8517,161.13,225.5303,0.518621,1
262,9,10,428.5714,abandoned_mine,2.2964,0.6625,0.3993,0.3385,0.4357,987.19,6612.3,8645.77,1023.6765,225.0225,161.0267,206.7467,0.579085,1
263,9,11,428.5714,abandoned_mine,1.9972,0.8105,0.2654,0.2953,0.4447,2528.39,5472.38,10175.63,1179.3637,234.2335,139.3125,116.3822,0.415417,1
264,9,12,428.5714,mixed_rural_land,1.688,0.4402,0.2365,0.2397,0.4766,3981.48,4748.58,11763.38,815.5299,161.2251,115.9788,74.4546,0.431202,1
265,9,13,428.5714,abandoned_mine,1.4925,0.7529,0.2196,0.2615,0.5,5434.58,4639.89,13384.86,1094.6478,221.0131,112.2079,48.2396,0.348478,1
266,9,14,428.5714,mixed_rural_land,1.4719,0.4656,0.1303,0.1635,0.4086,6887.67,5185.15,12134.46,878.1017,144.3649,95.8597,28.6405,0.306189,1
267,9,15,428.5714,mixed_rural_land,1.5318,0.4025,0.1117,0.3391,0.3554,8340.77,6214.54,10374.02,819.2199,124.846,148.2764,18.4671,0.355936,1
268,9,16,428.5714,mixed_rural_land,1.5188,0.387,0.1234,0.4085,0.2982,9793.86,7532.11,8623.97,817.1113,118.6985,177.7045,12.3753,0.37789,1
269,9,17,428.5714,mixed_rural_land,1.3369,0.3646,0.1178,0.3305,0.3416,11246.96,7736.44,6888.94,773.3914,117.2731,174.7332,8.1133,0.388057,1
270,9,18,428.5714,mixed_rural_land,0.9729,0.4761,0.0456,0.5121,0.3095,12069.08,8106.78,5162.09,912.3663,125.2003,235.7965,5.8243,0.402055,1
271,9,19,428.5714,mixed_rural_land,0.5261,0.3397,0.0489,0.5969,0.3239,12456.46,8829.76,3473.6,729.3772,100.6073,276.9541,5.2379,0.52483,1
272,9,20,428.5714,degraded_forest,0.5101,0.3109,0.078,0.6377,0.3334,12236.25,8350.2,1834.54,715.5504,100.2441,310.8491,5.8053,0.582626,1
273,9,21,428.5714,degraded_forest,1.0048,0.3122,0.0675,0.8506,0.3028,11886.04,8023.01,310.73,691.2525,96.2891,387.4445,6.3255,0.708944,1
274,9,22,428.5714,degraded_forest,1.4715,0.5631,0.1411,0.652,0.287,11535.83,8086.35,0.0,892.9861,154.3682,346.5488,7.6925,0.56956,1
275,9,23,428.5714,degraded_forest,1.7678,0.5011,0.1569,0.6652,0.305,11185.62,8531.53,0.0,892.8165,146.331,349.652,8.668,0.565235,1
276,9,24,428.5714,degraded_forest,1.8505,0.2188,0.1022,0.8176,0.2672,10835.42,9303.9,0.0,715.7824,80.4316,385.5888,8.9443,0.66356,1
277,9,25,428.5714,degraded_forest,1.7288,0.2078,0.0944,0.7776,0.2083,10485.21,10330.32,253.36,677.0312,72.0766,371.3157,9.7842,0.669358,1
278,9,26,428.5714,mixed_rural_land,1.4515,0.2226,0.16,0.5892,0.2577,10135.0,11543.23,1769.97,683.3007,89.0229,300.4589,11.7466,0.587192,1
279,9,27,428.5714,mixed_rural_land,1.0905,0.1256,0.0813,0.4458,0.1673,9840.59,12890.09,3406.35,628.6125,50.7579,242.2546,11.5608,0.484517,1
280,10,0,428.5714,mixed_rural_land,2.1579,0.2665,0.1027,0.5373,0.1132,14632.27,20295.67,5140.05,709.0515,76.5111,241.9867,3.0248,0.453454,1
281,10,1,428.5714,mixed_rural_land,2.2593,0.0166,0.0819,0.5215,0.069,13014.08,19468.08,3641.66,537.0015,21.4003,256.9076,4.6726,0.526964,1
282,10,2,428.5714,mixed_rural_land,2.2036,0.3087,0.0912,0.4615,0.08,11395.9,18774.33,2300.65,726.1562,80.0631,262.0025,7.5111,0.481407,1
283,10,3,428.5714,mixed_rural_land,2.0043,0.0,0.0979,0.5885,0.114,9777.72,18229.71,1253.63,565.4296,24.4588,308.8591,12.0321,0.610775,1
284,10,4,428.5714,degraded_forest,1.7158,0.4426,0.1379,0.6955,0.154,8151.39,16974.81,725.92,817.2943,119.235,343.3018,20.1499,0.590591,1
285,10,5,428.5714,degraded_forest,1.4441,0.4393,0.168,0.7281,0.1318,6484.7,15365.65,898.58,887.318,121.2212,347.9074,33.6543,0.566632,1
286,10,6,428.5714,mixed_rural_land,1.3239,0.4651,0.1337,0.5455,0.2476,4818.01,13800.0,1709.05,848.4194,130.979,291.148,51.9549,0.558782,1
287,10,7,428.5714,mixed_rural_land,1.3926,0.4767,0.2568,0.4812,0.2876,3151.32,12294.48,2917.41,924.9069,155.0974,257.4911,96.5055,0.550427,1
288,10,8,428.5714,abandoned_mine,1.523,0.7209,0.2782,0.4606,0.2924,1484.63,10874.11,4344.08,1103.0919,205.8151,233.4845,158.9672,0.542354,1
289,10,9,428.5714,riparian_buffer,1.5673,0.592,0.3985,0.3901,0.3921,182.05,9576.82,5895.16,1018.119,207.5478,198.9096,260.0124,0.654609,1
290,10,10,428.5714,abandoned_mine,1.4455,0.9362,0.2525,0.3736,0.4261,1848.74,8459.46,7515.47,1278.8867,254.9579,179.016,139.3667,0.448312,1
291,10,11,428.5714,abandoned_mine,1.1477,0.8,0.2159,0.1596,0.3748,3515.43,7601.78,9185.12,1080.3695,218.8072,114.5875,83.1243,0.385534,1
292,10,12,428.5714,mixed_rural_land,0.7312,0.4856,0.1883,0.2289,0.3787,5182.12,7098.52,10874.99,838.0184,154.3684,118.9561,50.018,0.385842,1
293,10,13,428.5714,mixed_rural_land,0.3971,0.4664,0.1463,0.1188,0.3958,6829.55,7026.28,12590.19,844.9094,145.8326,82.7574,29.7048,0.305707,1
294,10,14,428.5714,mixed_rural_land,0.5728,0.5072,0.0609,0.2428,0.3666,8282.64,7022.52,11910.92,847.6439,138.3684,115.8431,17.55,0.320608,1
295,10,15,428.5714,mixed_rural_land,0.9009,0.4133,0.0988,0.3334,0.3648,9735.74,6004.2,10125.87,826.4815,125.7817,148.6363,12.1906,0.346782,1
296,10,16,428.5714,mixed_rural_land,1.0852,0.257,0.0608,0.2729,0.4301,11188.84,5400.25,8341.11,656.8211,95.5487,148.0747,7.6496,0.382559,1
297,10,17,428.5714,mixed_rural_land,1.065,0.3204,0.0801,0.379,0.4455,12641.93,5352.8,6556.87,774.9483,111.9971,189.4393,5.1843,0.395666,1
298,10,18,428.5714,mixed_rural_land,0.8752,0.2544,0.0926,0.4371,0.3513,14095.03,5875.36,4773.27,724.6086,93.0706,222.6892,3.4802,0.440569,1
299,10,19,428.5714,mixed_rural_land,0.6958,0.1806,0.0431,0.5792,0.3096,14799.31,6838.48,2989.7,609.2877,67.8461,279.5485,2.6605,0.574532,1
300,10,20,428.5714,mixed_rural_land,0.845,0.3501,0.112,0.5921,0.3391,14589.64,8086.23,1206.14,732.1732,113.3875,310.5011,3.0989,0.583178,1
301,10,21,428.5714,degraded_forest,1.2469,0.1521,0.0697,0.7451,0.2329,14239.43,9507.22,0.0,646.8154,59.7585,368.4939,3.239,0.667101,1
302,10,22,428.5714,degraded_forest,1.636,0.2399,0.1415,0.8087,0.2153,13889.22,10466.57,0.0,695.6436,85.9505,383.4845,3.9286,0.680468,1
303,10,23,428.5714,degraded_forest,1.8796,0.1411,0.0918,0.6599,0.2566,13539.02,10814.2,0.0,666.2001,62.9835,348.4036,4.075,0.62363,1
304,10,24,428.5714,degraded_forest,1.9275,0.2236,0.1431,0.8115,0.1761,13188.81,11433.39,0.0,716.884,79.6736,384.1329,4.8084,0.653683,1
305,10,25,428.5714,degraded_forest,1.7853,0.3854,0.0721,0.6906,0.1846,12838.6,12283.14,0.0,794.8155,100.9698,355.6336,4.8489,0.580578,1
306,10,26,428.5714,degraded_forest,1.4992,0.1609,0.114,0.7559,0.1696,12488.4,13319.39,1134.8,616.1715,62.6674,350.3537,5.6627,0.679492,1
307,10,27,428.5714,mixed_rural_land,1.1403,0.137,0.1405,0.5808,0.1374,12232.63,14502.22,2918.36,652.7469,59.2693,280.9423,6.2986,0.530849,1
308,11,0,428.5714,mixed_rural_land,2.2634,0.1878,0.1008,0.5724,0.1141,13617.34,22408.8,4245.17,670.4227,61.1223,261.0753,4.0321,0.486603,1
309,11,1,428.5714,degraded_forest,2.3373,0.0394,0.1431,0.6839,0.1292,11999.16,21662.09,2525.56,534.0462,40.1433,311.0247,6.755,0.67021,1
310,11,2,428.5714,degraded_forest,2.2214,0.115,0.1353,0.7806,0.1259,10380.98,21040.81,864.93,600.7774,53.2748,360.8776,10.6225,0.707042,1
311,11,3,428.5714,degraded_forest,1.9111,0.0302,0.1433,0.7386,0.166,8762.79,19644.91,0.0,521.6547,41.5498,366.9462,17.0336,0.815731,1
312,11,4,428.5714,degraded_forest,1.4301,0.431,0.126,0.7874,0.1454,7144.61,18097.08,0.0,808.1032,114.4987,378.4524,26.4701,0.642766,1
313,11,5,428.5714,degraded_forest,0.8312,0.2503,0.1108,0.6637,0.1398,5526.42,16597.09,0.0,699.9814,76.8699,349.2896,41.2186,0.667701,1
314,11,6,428.5714,degraded_forest,0.2017,0.3831,0.1824,0.7938,0.1864,3908.24,15159.16,46.22,816.6467,117.2238,379.0767,71.4788,0.695257,1
315,11,7,428.5714,abandoned_mine,0.4243,0.6585,0.2811,0.5862,0.2457,2289.77,13802.69,1651.27,1004.1894,190.2351,301.6848,126.6969,0.616036,1
316,11,8,428.5714,riparian_buffer,0.8879,0.5976,0.4003,0.5096,0.3377,623.09,12554.13,3344.71,946.4277,204.2385,258.1431,229.6115,0.731163,1
317,11,9,428.5714,abandoned_mine,1.1591,0.7856,0.3616,0.344,0.3189,1043.6,11448.82,5076.75,1115.755,233.0715,197.1545,196.2315,0.561465,1
318,11,10,428.5714,mixed_rural_land,1.2052,0.6005,0.2514,0.365,0.308,2710.29,10531.98,6825.08,927.5818,179.9296,183.5062,108.8277,0.509134,1
319,11,11,428.5714,abandoned_mine,1.0434,0.8109,0.1715,0.3104,0.3118,4376.98,9856.32,8588.57,1111.6173,208.8457,154.8656,61.7139,0.382708,1
320,11,12,428.5714,mixed_rural_land,0.7601,0.5464,0.1008,0.2085,0.2979,6043.67,8677.5,10354.96,946.3464,146.0354,117.6205,35.1014,0.315695,1
321,11,13,428.5714,mixed_rural_land,0.5843,0.4903,0.1407,0.1793,0.3297,7710.36,7019.87,12123.6,887.3213,143.9243,99.6394,22.9347,0.30034,1
322,11,14,428.5714,mixed_rural_land,0.7678,0.2269,0.1054,0.2725,0.439,9377.05,5443.87,12046.27,650.5664,97.2062,122.0397,13.6234,0.357949,1
323,11,15,428.5714,mixed_rural_land,1.0876,0.1951,0.0995,0.1764,0.4584,11043.73,4046.04,10279.61,601.202,91.8504,110.5805,8.3979,0.350679,1
324,11,16,428.5714,mixed_rural_land,1.3286,0.2624,0.1482,0.2609,0.583,12583.81,3079.4,8513.29,736.5036,122.8059,143.823,5.7516,0.369829,1
325,11,17,428.5714,mixed_rural_land,1.4332,0.0621,0.1468,0.338,0.5259,14036.9,2995.41,6753.24,588.0345,79.0724,177.8228,3.791,0.443318,1
326,11,18,428.5714,mixed_rural_land,1.4367,0.2526,0.0794,0.3536,0.5286,15490.0,3852.25,5010.95,740.6513,105.9351,200.1899,2.2955,0.416418,1
327,11,19,428.5714,mixed_rural_land,1.443,0.3495,0.0855,0.5299,0.4229,16943.09,5204.3,3279.9,789.0773,116.4708,263.8328,1.528,0.483896,1
328,11,20,428.5714,degraded_forest,1.5544,0.2153,0.0685,0.6292,0.322,16943.03,6760.71,1590.14,640.0486,79.3902,312.8199,1.4934,0.615115,1
329,11,21,428.5714,degraded_forest,1.7658,0.0741,0.0788,0.8823,0.3,16592.83,8408.76,0.0,538.7317,51.8234,400.8225,1.6737,0.843313,1
330,11,22,428.5714,degraded_forest,1.9771,0.0897,0.1101,0.7918,0.2806,16242.62,10103.7,0.0,554.7869,57.8775,379.5049,1.9276,0.791854,1
331,11,23,428.5714,degraded_forest,2.0881,0.1054,0.146,0.852,0.1497,15892.41,11825.39,0.0,582.9549,55.0519,393.6859,2.229,0.773588,1
332,11,24,428.5714,degraded_forest,2.0464,0.1195,0.1641,0.7012,0.1505,15542.2,13563.65,0.0,601.7932,60.5573,358.129,2.5182,0.699916,1
333,11,25,428.5714,degraded_forest,1.851,0.0667,0.1363,0.6936,0.1924,15192.0,14372.04,0.0,556.1947,49.7942,356.3594,2.6901,0.735073,1
334,11,26,428.5714,mixed_rural_land,1.5423,0.1572,0.0784,0.5566,0.118,14843.68,15267.16,1522.89,606.2011,52.1996,296.8015,2.7575,0.580267,1
335,11,27,428.5714,mixed_rural_land,1.1858,0.2669,0.1269,0.6163,0.1014,14627.28,16309.33,3211.16,748.3186,79.2017,285.1541,3.1241,0.491074,1
336,12,0,428.5714,mixed_rural_land,2.2831,0.2231,0.1111,0.5517,0.0832,12602.42,24574.67,4026.85,742.5956,66.8367,258.9718,5.461,0.446097,1
337,12,1,428.5714,mixed_rural_land,2.3892,0.1353,0.1632,0.508,0.1206,10984.23,23895.74,2243.59,654.4996,60.9115,273.8307,9.252,0.525583,1
338,12,2,428.5714,degraded_forest,2.3299,0.0,0.1787,0.8028,0.125,9366.05,22396.39,469.74,522.5592,37.5193,373.243,14.9638,0.814695,1
339,12,3,428.5714,degraded_forest,2.1152,0.0523,0.1685,0.7976,0.135,7747.87,20899.82,0.0,566.3873,46.9218,380.8703,23.4723,0.796742,1
340,12,4,428.5714,degraded_forest,1.797,0.1556,0.1493,0.8949,0.1055,6129.68,19452.1,0.0,597.5758,61.4274,403.8076,36.4105,0.839467,1
341,12,5,428.5714,degraded_forest,1.4844,0.2968,0.2111,0.6643,0.1261,4511.5,18064.97,0.0,688.4972,99.723,349.4473,62.1963,0.742729,1
342,12,6,428.5714,degraded_forest,1.3346,0.4539,0.2404,0.7639,0.2417,2893.31,16753.51,0.0,852.3645,144.3149,372.928,102.0474,0.726556,1
343,12,7,428.5714,mixed_rural_land,1.4192,0.4456,0.3267,0.554,0.2165,1275.13,15536.87,1318.43,897.8685,153.4952,299.6241,177.4467,0.702292,1
344,12,8,428.5714,riparian_buffer,1.6112,0.3567,0.4111,0.5173,0.2708,343.06,14439.05,3099.4,757.6938,153.6611,263.4025,251.2692,0.882062,1
345,12,9,428.5714,mixed_rural_land,1.7478,0.464,0.345,0.4915,0.2583,1961.24,13489.09,4882.96,912.1419,163.3707,234.2,148.5461,0.598719,1
346,12,10,428.5714,mixed_rural_land,1.7464,0.5681,0.1926,0.4061,0.3044,3579.46,11760.63,6666.52,945.7146,164.5448,194.7491,79.458,0.463937,1
347,12,11,428.5714,mixed_rural_land,1.6049,0.5542,0.1937,0.3587,0.3037,5238.53,9976.82,8450.09,991.3033,161.9693,167.4035,49.5281,0.382225,1
348,12,12,428.5714,mixed_rural_land,1.3933,0.2949,0.1182,0.3129,0.2791,6905.22,8193.84,10233.65,723.4394,98.5233,143.0714,28.0648,0.372747,1
349,12,13,428.5714,mixed_rural_land,1.2413,0.4333,0.1378,0.3448,0.4231,8571.91,6412.38,12017.55,843.9189,140.4989,139.2683,17.8666,0.352681,1
350,12,14,428.5714,mixed_rural_land,1.2592,0.1973,0.0909,0.1095,0.4393,10238.6,4634.2,12525.3,644.6737,89.3411,80.9198,10.4502,0.280314,1
351,12,15,428.5714,mixed_rural_land,1.4096,0.0341,0.0887,0.1396,0.5147,11905.28,2865.39,10812.06,575.3139,64.0035,98.3132,6.4724,0.293386,1
352,12,16,428.5714,mixed_rural_land,1.5699,0.3176,0.1016,0.2718,0.7397,13571.97,1150.09,9123.99,743.7036,139.8812,141.5167,4.0889,0.383872,1
353,12,17,428.5714,mixed_rural_land,1.6674,0.1322,0.0879,0.4426,0.6758,15238.66,901.39,7453.91,627.9831,96.6079,195.8577,2.4944,0.469694,1
354,12,18,428.5714,mixed_rural_land,1.7069,0.0,0.1178,0.4801,0.6069,16884.97,2584.54,5832.75,565.7048,69.6985,220.7914,1.6203,0.516365,1
355,12,19,428.5714,mixed_rural_land,1.7437,0.0188,0.1277,0.5838,0.4229,18338.07,4350.26,4275.79,569.4585,59.0448,263.3655,1.0833,0.568072,1
356,12,20,428.5714,mixed_rural_land,1.8288,0.1578,0.1218,0.4803,0.3431,19296.43,6127.58,2824.09,683.6278,78.0989,258.6302,0.8176,0.493758,1
357,12,21,428.5714,degraded_forest,1.9546,0.2002,0.1393,0.7581,0.3138,18946.22,7908.68,1568.3,722.4108,86.4039,343.5557,0.9238,0.596452,1
358,12,22,428.5714,degraded_forest,2.0589,0.1602,0.1302,0.7248,0.2365,18596.01,9691.48,655.63,643.8088,70.7043,351.455,1.0095,0.65729,1
359,12,23,428.5714,degraded_forest,2.0734,0.202,0.1026,0.8548,0.2076,18245.8,11475.18,301.39,722.7683,72.146,388.611,1.077,0.638979,1
360,12,24,428.5714,degraded_forest,1.9603,0.1534,0.1541,0.7169,0.204,17895.6,13259.43,631.56,645.0806,70.1754,350.047,1.27,0.653395,1
361,12,25,428.5714,degraded_forest,1.7225,0.2977,0.0843,0.6572,0.1514,17545.39,15044.03,1525.72,726.5147,83.044,320.4731,1.2844,0.557183,1
362,12,26,428.5714,mixed_rural_land,1.398,0.0587,0.1206,0.563,0.1627,17209.73,16828.86,2770.19,584.8314,43.3432,278.9101,1.4819,0.553553,1
363,12,27,428.5714,mixed_rural_land,1.0464,0.0,0.1198,0.4164,0.074,17023.43,18253.61,4214.52,512.908,24.3094,224.6854,1.5614,0.488501,1
364,13,0,428.5714,mixed_rural_land,2.099,0.3319,0.0788,0.3707,0.0799,11675.98,26696.87,4543.78,734.6288,82.676,209.8076,6.8204,0.407422,1
365,13,1,428.5714,mixed_rural_land,2.2428,0.0404,0.1626,0.5889,0.0681,9992.45,25202.62,2906.76,582.7184,38.0087,283.0269,12.2728,0.571989,1
366,13,2,428.5714,mixed_rural_land,2.2684,0.1288,0.1692,0.5335,0.1386,8351.12,23748.65,1373.38,628.3566,62.0976,293.8587,19.7735,0.597956,1
367,13,3,428.5714,degraded_forest,2.2005,0.0418,0.1591,0.8104,0.1192,6732.94,22342.84,73.96,530.4821,42.1405,382.4573,31.0171,0.85887,1
368,13,4,428.5714,degraded_forest,2.0947,0.197,0.2008,0.7961,0.1195,5114.76,20994.86,0.0,725.2345,78.3638,380.5182,51.7358,0.704073,1
369,13,5,428.5714,degraded_forest,2.0239,0.1287,0.2149,0.7457,0.2009,3496.57,19716.57,0.0,668.5581,74.2833,368.6282,83.4781,0.787351,1
370,13,6,428.5714,degraded_forest,2.0378,0.2557,0.2981,0.8197,0.2474,1878.39,18522.42,654.1,736.3461,115.2338,373.8722,145.0551,0.861227,1
371,13,7,428.5714,riparian_buffer,2.1206,0.2889,0.4213,0.6037,0.248,260.2,17212.33,2091.98,754.8503,140.1553,298.7634,259.7176,0.925529,1
372,13,8,428.5714,mixed_rural_land,2.2023,0.3871,0.3896,0.3999,0.2851,1357.98,15438.79,3682.05,820.7258,157.5284,227.7238,184.262,0.693915,1
373,13,9,428.5714,mixed_rural_land,2.2101,0.3391,0.2823,0.4294,0.1922,2976.16,13668.41,5350.81,826.5439,124.2116,214.1508,104.259,0.535509,1
374,13,10,428.5714,mixed_rural_land,2.1059,0.3562,0.2459,0.3382,0.2081,4594.35,11902.63,7053.31,748.1934,123.4204,174.9828,63.1483,0.483233,1
375,13,11,428.5714,mixed_rural_land,1.8998,0.4293,0.1815,0.3115,0.244,6212.53,10143.82,8784.0,885.6156,130.9213,153.5366,36.9621,0.362934,1
376,13,12,428.5714,mixed_rural_land,1.6506,0.3727,0.107,0.1556,0.2842,7830.72,8396.37,10522.65,749.4439,112.296,104.0059,21.2368,0.316953,1
377,13,13,428.5714,mixed_rural_land,1.4521,0.3814,0.1201,0.3141,0.3226,9449.49,6669.23,12274.66,817.8879,119.2143,130.5509,13.5979,0.322004,1
378,13,14,428.5714,mixed_rural_land,1.3817,0.2623,0.1152,0.1073,0.3874,11100.15,4983.55,13323.24,756.513,101.0715,76.176,8.4326,0.245442,1
379,13,15,428.5714,mixed_rural_land,1.4267,0.0,0.0714,0.3245,0.5264,12766.83,3401.54,11701.61,479.2536,55.8289,136.3381,4.9445,0.411289,1
380,13,16,428.5714,mixed_rural_land,1.5053,0.1617,0.1091,0.2636,0.6514,14433.52,2163.96,10109.68,627.4958,103.3967,132.3019,3.228,0.380762,1
381,13,17,428.5714,mixed_rural_land,1.5573,0.1098,0.1403,0.1846,0.6627,16100.21,2042.67,8574.96,580.9542,99.0225,125.3245,2.0856,0.38976,1
382,13,18,428.5714,mixed_rural_land,1.5808,0.1979,0.1327,0.2999,0.4844,17766.9,3168.57,7115.57,709.8804,99.5881,165.3666,1.2833,0.375046,1
383,13,19,428.5714,mixed_rural_land,1.6116,0.1107,0.1102,0.4769,0.4165,19433.59,4720.67,5758.42,590.8094,73.5754,220.8309,0.7747,0.499621,1
384,13,20,428.5714,mixed_rural_land,1.6778,0.2353,0.128,0.3948,0.3666,21100.28,6395.87,4559.74,708.972,96.0086,215.2959,0.4922,0.439787,1
385,13,21,428.5714,mixed_rural_land,1.7625,0.111,0.1479,0.526,0.2558,21299.61,8118.32,3586.36,628.9812,65.5072,258.7311,0.4766,0.516255,1
386,13,22,428.5714,mixed_rural_land,1.8128,0.1014,0.0644,0.5601,0.2241,20949.41,9863.3,2940.85,575.5752,48.4379,275.7545,0.4728,0.564071,1
387,13,23,428.5714,mixed_rural_land,1.7762,0.3022,0.1549,0.5091,0.2066,20599.2,11620.66,2700.24,765.7302,99.2311,267.212,0.5872,0.479321,1
388,13,24,428.5714,mixed_rural_land,1.6268,0.0,0.1136,0.4504,0.1897,20248.99,13385.53,2923.49,526.8853,33.2968,250.1382,0.6164,0.539114,1
389,13,25,428.5714,mixed_rural_land,1.3726,0.0028,0.0952,0.5889,0.0971,19898.78,15155.29,3554.52,486.3266,23.1306,273.971,0.6651,0.612277,1
390,13,26,428.5714,mixed_rural_land,1.05,0.2699,0.1202,0.4755,0.1246,19584.04,16928.39,4517.16,693.568,80.7664,234.8483,0.7516,0.456143,1
391,13,27,428.5714,mixed_rural_land,0.713,0.2125,0.0259,0.3852,0.151,19420.54,18703.9,5706.43,638.4716,57.7974,199.7908,0.6932,0.404531,1
392,14,0,428.5714,mixed_rural_land,1.7253,0.0885,0.1377,0.3021,0.1233,11171.78,28047.16,5672.5,549.3337,48.2973,180.5746,8.4997,0.432108,1
393,14,1,428.5714,mixed_rural_land,1.8618,0.2093,0.1555,0.3657,0.0692,9398.35,26628.78,4276.99,641.6378,69.612,211.9358,14.4192,0.461268,1
394,14,2,428.5714,mixed_rural_land,1.9231,0.2729,0.1642,0.4106,0.0938,7630.66,25257.05,3065.41,755.5685,85.2846,238.7176,24.1463,0.460777,1
395,14,3,428.5714,degraded_forest,1.9403,0.1285,0.1449,0.6895,0.11,5873.88,23939.98,2158.19,629.2812,55.9383,317.9554,38.9634,0.656077,1
396,14,4,428.5714,mixed_rural_land,1.9576,0.3928,0.2512,0.5336,0.1065,4141.93,22687.09,1720.95,791.0134,122.5445,288.1472,72.2742,0.610566,1
397,14,5,428.5714,mixed_rural_land,2.0097,0.2139,0.2478,0.5857,0.1995,2481.65,21120.92,1866.58,697.8472,95.5064,298.0835,115.7161,0.729825,1
398,14,6,428.5714,riparian_buffer,2.0969,0.2076,0.3398,0.6354,0.2618,863.46,19376.02,2547.69,653.1915,113.4437,299.2447,202.2239,0.941397,1
399,14,7,428.5714,riparian_buffer,2.1817,0.3365,0.3489,0.4005,0.1903,754.72,17639.28,3617.22,771.0618,133.5425,228.7213,210.4844,0.742804,1
400,14,8,428.5714,mixed_rural_land,2.2126,0.281,0.2905,0.4919,0.1911,2372.91,15913.4,4926.88,731.552,114.1441,233.7796,124.9433,0.646389,1
401,14,9,428.5714,mixed_rural_land,2.1504,0.3315,0.248,0.3673,0.2507,3991.09,14202.31,6389.17,792.9971,122.6244,188.3788,75.1959,0.487012,1
402,14,10,428.5714,mixed_rural_land,1.9845,0.1141,0.1822,0.25,0.2303,5609.27,12512.09,7939.66,580.5099,69.089,146.1115,43.9559,0.446429,1
403,14,11,428.5714,mixed_rural_land,1.7391,0.1411,0.163,0.2534,0.2136,7227.46,10852.51,9552.2,678.5632,69.9704,133.9178,27.0571,0.340345,1
404,14,12,428.5714,mixed_rural_land,1.472,0.1978,0.1662,0.1989,0.2614,8845.64,9240.08,11204.44,621.979,85.4739,109.7853,17.1056,0.341434,1
405,14,13,428.5714,mixed_rural_land,1.2615,0.4594,0.064,0.1501,0.3074,10463.83,7704.45,12884.99,868.2415,124.5352,88.5474,9.451,0.256304,1
406,14,14,428.5714,mixed_rural_land,1.1642,0.1538,0.0856,0.1273,0.378,12082.01,6302.04,14402.1,620.943,74.9079,75.6796,6.1282,0.252383,1
407,14,15,428.5714,mixed_rural_land,1.1615,0.203,0.1413,0.1473,0.4551,13700.19,5143.0,12876.58,648.4384,99.3513,87.9363,4.1457,0.295222,1
408,14,16,428.5714,mixed_rural_land,1.1847,0.0,0.1375,0.291,0.4947,15319.64,4422.97,11413.84,532.1052,63.0187,130.179,2.5976,0.367964,1
409,14,17,428.5714,mixed_rural_land,1.1894,0.2623,0.0453,0.2591,0.4489,16963.27,4364.92,10016.53,736.3289,95.8649,131.898,1.4381,0.311275,1
410,14,18,428.5714,mixed_rural_land,1.183,0.1486,0.1028,0.2668,0.406,18628.45,4991.98,8718.03,671.8135,78.8852,143.552,0.9658,0.332537,1
411,14,19,428.5714,mixed_rural_land,1.2013,0.1087,0.039,0.2871,0.3866,20295.14,6096.29,7551.19,576.2567,59.9461,158.3168,0.5501,0.379714,1
412,14,20,428.5714,mixed_rural_land,1.2624,0.2051,0.1205,0.3786,0.2725,21961.83,7469.08,6554.42,637.6877,80.9898,189.3687,0.3812,0.424565,1
413,14,21,428.5714,mixed_rural_land,1.3376,0.1841,0.0671,0.2698,0.2747,23628.52,8988.17,5776.91,642.9009,69.1249,171.821,0.2207,0.375122,1
414,14,22,428.5714,mixed_rural_land,1.3722,0.0,0.1397,0.4496,0.2111,23302.8,10590.79,5276.72,513.6622,39.0516,219.7563,0.2662,0.504367,1
415,14,23,428.5714,mixed_rural_land,1.321,0.2066,0.1205,0.442,0.1793,22952.59,12244.18,5100.13,673.8855,73.2946,219.9936,0.2872,0.435646,1
416,14,24,428.5714,mixed_rural_land,1.1664,0.0215,0.054,0.3569,0.1716,22602.38,13930.27,5263.62,560.4445,26.964,198.0626,0.2906,0.402033,1
417,14,25,428.5714,mixed_rural_land,0.9208,0.0,0.1078,0.4156,0.1624,22252.18,15638.5,5752.57,531.5283,30.0858,206.4467,0.3452,0.445654,1
418,14,26,428.5714,mixed_rural_land,0.619,0.2035,0.0627,0.3898,0.1175,21963.94,17362.33,6517.71,685.6915,58.7275,192.3875,0.353,0.366736,1
419,14,27,428.5714,mixed_rural_land,0.3083,0.0,0.0983,0.2049,0.1265,21818.28,19097.53,7508.61,499.1292,25.5933,139.3077,0.3859,0.331151,1
